-- --------------------------------------------------------
-- Host:                         127.0.0.1
-- Server version:               10.4.32-MariaDB - mariadb.org binary distribution
-- Server OS:                    Win64
-- HeidiSQL Version:             12.10.0.7000
-- --------------------------------------------------------

/*!40101 SET @OLD_CHARACTER_SET_CLIENT=@@CHARACTER_SET_CLIENT */;
/*!40101 SET NAMES utf8 */;
/*!50503 SET NAMES utf8mb4 */;
/*!40103 SET @OLD_TIME_ZONE=@@TIME_ZONE */;
/*!40103 SET TIME_ZONE='+00:00' */;
/*!40014 SET @OLD_FOREIGN_KEY_CHECKS=@@FOREIGN_KEY_CHECKS, FOREIGN_KEY_CHECKS=0 */;
/*!40101 SET @OLD_SQL_MODE=@@SQL_MODE, SQL_MODE='NO_AUTO_VALUE_ON_ZERO' */;
/*!40111 SET @OLD_SQL_NOTES=@@SQL_NOTES, SQL_NOTES=0 */;


-- Dumping database structure for restoran_mewah
DROP DATABASE IF EXISTS `restoran_mewah`;
CREATE DATABASE IF NOT EXISTS `restoran_mewah` /*!40100 DEFAULT CHARACTER SET utf8mb4 COLLATE utf8mb4_general_ci */;
USE `restoran_mewah`;

-- Dumping structure for table restoran_mewah.table_bahan_baku
DROP TABLE IF EXISTS `table_bahan_baku`;
CREATE TABLE IF NOT EXISTS `table_bahan_baku` (
  `id_bahan` int(11) NOT NULL AUTO_INCREMENT,
  `nama_bahan` varchar(100) NOT NULL,
  `kategori_bahan` enum('protein','sayuran','rempah','buah','karbohidrat','dairy','seafood','bumbu mewah','herbal') NOT NULL,
  `stok` decimal(10,2) NOT NULL,
  `satuan` enum('kilogram','gram','liter','bungkus') NOT NULL,
  `harga_per_unit` decimal(10,2) NOT NULL,
  `id_supplier` int(11) NOT NULL,
  PRIMARY KEY (`id_bahan`),
  KEY `id_supplier` (`id_supplier`),
  CONSTRAINT `table_bahan_baku_ibfk_1` FOREIGN KEY (`id_supplier`) REFERENCES `table_supplier` (`id_supplier`),
  CONSTRAINT `chk_harga_per_unit` CHECK (`harga_per_unit` > 0)
) ENGINE=InnoDB AUTO_INCREMENT=101 DEFAULT CHARSET=utf8mb4 COLLATE=utf8mb4_general_ci;

-- Dumping data for table restoran_mewah.table_bahan_baku: ~100 rows (approximately)
INSERT INTO `table_bahan_baku` (`id_bahan`, `nama_bahan`, `kategori_bahan`, `stok`, `satuan`, `harga_per_unit`, `id_supplier`) VALUES
	(1, 'Daging Sapi Premium', 'protein', 120.50, 'kilogram', 120000.00, 31),
	(2, 'Daging Ayam Fillet', 'protein', 200.00, 'kilogram', 75000.00, 32),
	(3, 'Wortel', 'sayuran', 150.00, 'kilogram', 15000.00, 33),
	(4, 'Bawang Merah', 'rempah', 100.00, 'kilogram', 18000.00, 34),
	(5, 'Apel Fuji', 'buah', 80.00, 'kilogram', 30000.00, 35),
	(6, 'Beras Premium', 'karbohidrat', 500.00, 'kilogram', 14000.00, 36),
	(7, 'Keju Parmesan', 'dairy', 20.00, 'kilogram', 90000.00, 37),
	(8, 'Udang Galah', 'seafood', 50.00, 'kilogram', 135000.00, 38),
	(9, 'Truffle Hitam', 'bumbu mewah', 2.00, 'kilogram', 500000.00, 39),
	(10, 'Daun Mint Segar', 'herbal', 5.00, 'kilogram', 25000.00, 40),
	(11, 'Salmon Fillet', 'seafood', 60.00, 'kilogram', 150000.00, 41),
	(12, 'Bayam', 'sayuran', 100.00, 'kilogram', 10000.00, 42),
	(13, 'Tomat Ceri', 'sayuran', 75.00, 'kilogram', 20000.00, 43),
	(14, 'Anggur Merah', 'buah', 40.00, 'kilogram', 45000.00, 44),
	(15, 'Pasta Spaghetti', 'karbohidrat', 250.00, 'kilogram', 30000.00, 45),
	(16, 'Susu Full Cream', 'dairy', 100.00, 'liter', 18000.00, 46),
	(17, 'Kepiting', 'seafood', 30.00, 'kilogram', 130000.00, 47),
	(18, 'Cokelat Bubuk Belgia', 'bumbu mewah', 10.00, 'kilogram', 85000.00, 48),
	(19, 'Daun Basil', 'herbal', 8.00, 'kilogram', 22000.00, 49),
	(20, 'Daging Kambing', 'protein', 90.00, 'kilogram', 95000.00, 50),
	(21, 'Selada Romaine', 'sayuran', 60.00, 'kilogram', 12000.00, 31),
	(22, 'Bawang Putih', 'rempah', 110.00, 'kilogram', 20000.00, 32),
	(23, 'Jeruk Mandarin', 'buah', 85.00, 'kilogram', 32000.00, 33),
	(24, 'Kentang', 'karbohidrat', 300.00, 'kilogram', 10000.00, 34),
	(25, 'Krim Kental', 'dairy', 40.00, 'liter', 50000.00, 35),
	(26, 'Ikan Tuna', 'seafood', 70.00, 'kilogram', 145000.00, 36),
	(27, 'Saffron', 'bumbu mewah', 0.50, 'gram', 100000.00, 37),
	(28, 'Thyme Kering', 'herbal', 2.00, 'kilogram', 30000.00, 38),
	(29, 'Telur Ayam Organik', 'protein', 100.00, 'kilogram', 27000.00, 39),
	(30, 'Kubis', 'sayuran', 120.00, 'kilogram', 9000.00, 40),
	(31, 'Jahe', 'rempah', 50.00, 'kilogram', 15000.00, 41),
	(32, 'Pisang Ambon', 'buah', 60.00, 'kilogram', 18000.00, 42),
	(33, 'Roti Burger', 'karbohidrat', 100.00, 'bungkus', 12000.00, 43),
	(34, 'Keju Cheddar', 'dairy', 70.00, 'kilogram', 60000.00, 44),
	(35, 'Cumi-cumi', 'seafood', 45.00, 'kilogram', 110000.00, 45),
	(36, 'Minyak Zaitun Extra Virgin', 'bumbu mewah', 25.00, 'liter', 75000.00, 46),
	(37, 'Oregano Kering', 'herbal', 3.00, 'kilogram', 28000.00, 47),
	(38, 'Daging Bebek', 'protein', 50.00, 'kilogram', 130000.00, 48),
	(39, 'Paprika Merah', 'sayuran', 90.00, 'kilogram', 22000.00, 49),
	(40, 'Kayu Manis', 'rempah', 12.00, 'kilogram', 25000.00, 50),
	(41, 'Mangga Harum Manis', 'buah', 70.00, 'kilogram', 27000.00, 31),
	(42, 'Spaghetti Wholegrain', 'karbohidrat', 200.00, 'kilogram', 33000.00, 32),
	(43, 'Yogurt Plain', 'dairy', 35.00, 'liter', 25000.00, 33),
	(44, 'Lobster Air Tawar', 'seafood', 15.00, 'kilogram', 200000.00, 34),
	(45, 'Keju Blue Cheese', 'bumbu mewah', 5.00, 'kilogram', 100000.00, 35),
	(46, 'Rosemary Segar', 'herbal', 6.00, 'kilogram', 23000.00, 36),
	(47, 'Ikan Dori', 'seafood', 60.00, 'kilogram', 120000.00, 37),
	(48, 'Santan Kental', 'dairy', 30.00, 'liter', 22000.00, 38),
	(49, 'Roti Tawar Gandum', 'karbohidrat', 150.00, 'bungkus', 14000.00, 39),
	(50, 'Kacang Kenari', 'protein', 20.00, 'kilogram', 75000.00, 40),
	(51, 'Kaviar Beluga', 'bumbu mewah', 1.00, 'kilogram', 2000000.00, 51),
	(52, 'Daging Wagyu A5', 'protein', 30.00, 'kilogram', 1500000.00, 52),
	(53, 'Jamur Morel', 'sayuran', 10.00, 'kilogram', 350000.00, 53),
	(54, 'Bubuk Vanila Madagascar', 'bumbu mewah', 5.00, 'kilogram', 600000.00, 54),
	(55, 'Minyak Truffle Putih', 'bumbu mewah', 2.00, 'liter', 1800000.00, 55),
	(56, 'Ikan Hamachi', 'seafood', 20.00, 'kilogram', 900000.00, 56),
	(57, 'Lobster Alaska', 'seafood', 15.00, 'kilogram', 1200000.00, 57),
	(58, 'Keju Brie', 'dairy', 25.00, 'kilogram', 400000.00, 58),
	(59, 'Brokoli Romanesco', 'sayuran', 40.00, 'kilogram', 120000.00, 59),
	(60, 'Saffron Spanyol', 'bumbu mewah', 0.30, 'kilogram', 800000.00, 60),
	(61, 'Panggang Iberico', 'protein', 50.00, 'kilogram', 850000.00, 61),
	(62, 'Jamur Shiitake Segar', 'sayuran', 35.00, 'kilogram', 150000.00, 62),
	(63, 'Kepiting Raja', 'seafood', 12.00, 'kilogram', 1100000.00, 63),
	(64, 'Minyak Argan', 'bumbu mewah', 10.00, 'liter', 750000.00, 64),
	(65, 'Anggur Champagne', 'buah', 100.00, 'liter', 900000.00, 65),
	(66, 'Bawang Perai', 'sayuran', 60.00, 'kilogram', 80000.00, 66),
	(67, 'Daging Rusa', 'protein', 40.00, 'kilogram', 650000.00, 67),
	(68, 'Caviar Oscietra', 'bumbu mewah', 1.50, 'kilogram', 1800000.00, 68),
	(69, 'Kacang Macadamia', 'protein', 15.00, 'kilogram', 300000.00, 69),
	(70, 'Tomat Heirloom', 'sayuran', 70.00, 'kilogram', 140000.00, 70),
	(71, 'Rumput Laut Nori', 'seafood', 50.00, 'kilogram', 220000.00, 71),
	(72, 'Mentega Bordier', 'dairy', 30.00, 'kilogram', 320000.00, 72),
	(73, 'Delima Segar', 'buah', 100.00, 'kilogram', 250000.00, 73),
	(74, 'Cendana Bubuk', 'bumbu mewah', 3.00, 'kilogram', 450000.00, 74),
	(75, 'Kambing Boer', 'protein', 35.00, 'kilogram', 480000.00, 75),
	(76, 'Jeruk Yuzu', 'buah', 80.00, 'kilogram', 300000.00, 76),
	(77, 'Asparagus Putih', 'sayuran', 55.00, 'kilogram', 280000.00, 77),
	(78, 'Ikan Kakap Merah', 'seafood', 40.00, 'kilogram', 650000.00, 78),
	(79, 'Susu Buffle Mozzarella', 'dairy', 20.00, 'kilogram', 400000.00, 79),
	(80, 'Biji Pala', 'bumbu mewah', 5.00, 'kilogram', 200000.00, 80),
	(81, 'Daging Kelinci', 'protein', 45.00, 'kilogram', 420000.00, 81),
	(82, 'Bawang Bombay Merah', 'sayuran', 65.00, 'kilogram', 90000.00, 82),
	(83, 'Buah Tin Segar', 'buah', 60.00, 'kilogram', 350000.00, 83),
	(84, 'Kepiting Salju', 'seafood', 30.00, 'kilogram', 1000000.00, 84),
	(85, 'Minyak Wijen Hitam', 'bumbu mewah', 8.00, 'liter', 450000.00, 85),
	(86, 'Keju Camembert', 'dairy', 22.00, 'kilogram', 370000.00, 86),
	(87, 'Jamur Enoki', 'sayuran', 40.00, 'kilogram', 130000.00, 87),
	(88, 'Biji Kopi Arabika', 'bumbu mewah', 100.00, 'kilogram', 90000.00, 88),
	(89, 'Anggur Muscat', 'buah', 90.00, 'kilogram', 280000.00, 89),
	(90, 'Daging Itik Peking', 'protein', 50.00, 'kilogram', 700000.00, 90),
	(91, 'Jeruk Blood Orange', 'buah', 75.00, 'kilogram', 220000.00, 91),
	(92, 'Daun Bay Leaf Segar', 'herbal', 15.00, 'kilogram', 150000.00, 92),
	(93, 'Kerang Hijau', 'seafood', 45.00, 'kilogram', 350000.00, 93),
	(94, 'Cuka Balsamic Aged', 'bumbu mewah', 20.00, 'liter', 600000.00, 94),
	(95, 'Daging Sapi Black Angus', 'protein', 35.00, 'kilogram', 1300000.00, 95),
	(96, 'Lobak Daikon', 'sayuran', 50.00, 'kilogram', 120000.00, 96),
	(97, 'Telur Puyuh Organik', 'protein', 200.00, 'bungkus', 30000.00, 97),
	(98, 'Buah Delima Merah', 'buah', 85.00, 'kilogram', 280000.00, 98),
	(99, 'Kacang Pistachio', 'protein', 25.00, 'kilogram', 350000.00, 99),
	(100, 'Mentega Truffle', 'bumbu mewah', 3.00, 'kilogram', 1800000.00, 100);

-- Dumping structure for table restoran_mewah.table_detail_pesanan
DROP TABLE IF EXISTS `table_detail_pesanan`;
CREATE TABLE IF NOT EXISTS `table_detail_pesanan` (
  `id_detail` int(11) NOT NULL AUTO_INCREMENT,
  `id_pesanan` int(11) NOT NULL,
  `id_menu` int(11) NOT NULL,
  `jumlah_pesanan` int(11) NOT NULL,
  `catatan` text DEFAULT NULL,
  `id_pegawai` int(11) NOT NULL,
  PRIMARY KEY (`id_detail`),
  KEY `id_pesanan` (`id_pesanan`),
  KEY `id_menu` (`id_menu`),
  KEY `id_pegawai` (`id_pegawai`),
  CONSTRAINT `table_detail_pesanan_ibfk_1` FOREIGN KEY (`id_pesanan`) REFERENCES `table_pesanan` (`id_pesanan`),
  CONSTRAINT `table_detail_pesanan_ibfk_2` FOREIGN KEY (`id_menu`) REFERENCES `table_menu` (`id_menu`),
  CONSTRAINT `table_detail_pesanan_ibfk_3` FOREIGN KEY (`id_pegawai`) REFERENCES `table_pegawai` (`id_pegawai`),
  CONSTRAINT `chk_jumlah_pesanan` CHECK (`jumlah_pesanan` > 0)
) ENGINE=InnoDB AUTO_INCREMENT=101 DEFAULT CHARSET=utf8mb4 COLLATE=utf8mb4_general_ci;

-- Dumping data for table restoran_mewah.table_detail_pesanan: ~100 rows (approximately)
INSERT INTO `table_detail_pesanan` (`id_detail`, `id_pesanan`, `id_menu`, `jumlah_pesanan`, `catatan`, `id_pegawai`) VALUES
	(1, 1, 15, 2, 'tanpa saus tambahan', 16),
	(2, 2, 34, 1, NULL, 18),
	(3, 3, 5, 3, 'tambahkan gula sedikit', 19),
	(4, 4, 70, 2, NULL, 29),
	(5, 5, 12, 1, 'bungkus rapi', 25),
	(6, 6, 28, 4, NULL, 26),
	(7, 7, 41, 2, 'extra es batu', 27),
	(8, 8, 9, 1, NULL, 28),
	(9, 9, 47, 3, 'tanpa keju', 29),
	(10, 10, 22, 2, NULL, 30),
	(11, 11, 4, 4, 'gurihkan sedikit', 31),
	(12, 12, 13, 1, NULL, 32),
	(13, 13, 75, 3, 'porsi besar', 33),
	(14, 14, 36, 2, NULL, 34),
	(15, 15, 7, 5, 'tanpa gula', 85),
	(16, 16, 18, 3, NULL, 86),
	(17, 17, 66, 1, 'pakai madu', 87),
	(18, 18, 8, 2, NULL, 88),
	(19, 19, 52, 4, NULL, 89),
	(20, 20, 10, 3, 'tambahkan lemon', 90),
	(21, 21, 19, 1, NULL, 91),
	(22, 22, 33, 2, 'dingin', 93),
	(23, 23, 48, 3, NULL, 16),
	(24, 24, 59, 2, NULL, 18),
	(25, 25, 1, 1, 'tanpa keju', 19),
	(26, 26, 40, 3, NULL, 29),
	(27, 27, 23, 4, NULL, 25),
	(28, 28, 67, 1, 'manis sedang', 26),
	(29, 29, 55, 2, NULL, 27),
	(30, 30, 20, 3, NULL, 28),
	(31, 31, 3, 1, 'tambahkan bubuk coklat', 29),
	(32, 32, 16, 5, NULL, 30),
	(33, 33, 63, 2, 'saus lebih banyak', 31),
	(34, 34, 32, 1, NULL, 32),
	(35, 35, 14, 3, 'tanpa basil', 33),
	(36, 36, 2, 4, NULL, 34),
	(37, 37, 46, 2, NULL, 85),
	(38, 38, 6, 1, 'hangat saja', 86),
	(39, 39, 11, 3, NULL, 87),
	(40, 40, 44, 4, 'jangan terlalu manis', 88),
	(41, 41, 27, 1, NULL, 89),
	(42, 42, 30, 2, NULL, 90),
	(43, 43, 17, 3, 'tambahkan saus keju', 91),
	(44, 44, 54, 1, NULL, 93),
	(45, 45, 42, 2, NULL, 16),
	(46, 46, 21, 3, 'dingin', 18),
	(47, 47, 38, 2, NULL, 19),
	(48, 48, 65, 4, NULL, 29),
	(49, 49, 25, 1, NULL, 25),
	(50, 50, 49, 5, 'tanpa mentega', 26),
	(51, 51, 31, 3, NULL, 27),
	(52, 52, 35, 2, NULL, 28),
	(53, 53, 50, 1, 'tambahkan gula', 29),
	(54, 54, 43, 4, NULL, 30),
	(55, 55, 68, 2, 'pakai madu alami', 31),
	(56, 56, 39, 3, NULL, 32),
	(57, 57, 60, 1, NULL, 33),
	(58, 58, 26, 2, NULL, 34),
	(59, 59, 24, 3, 'tanpa alkohol', 85),
	(60, 60, 53, 1, NULL, 86),
	(61, 61, 61, 4, NULL, 87),
	(62, 62, 71, 2, 'dingin', 88),
	(63, 63, 37, 1, NULL, 89),
	(64, 64, 58, 3, NULL, 90),
	(65, 65, 45, 1, 'manis sedang', 91),
	(66, 66, 72, 5, NULL, 93),
	(67, 67, 57, 2, NULL, 16),
	(68, 68, 80, 3, 'extra soda', 18),
	(69, 69, 62, 2, NULL, 19),
	(70, 70, 64, 1, NULL, 29),
	(71, 71, 56, 4, 'segar', 25),
	(72, 72, 73, 3, NULL, 26),
	(73, 73, 69, 2, NULL, 27),
	(74, 74, 77, 1, 'tanpa foam', 28),
	(75, 75, 74, 2, NULL, 29),
	(76, 76, 76, 3, NULL, 30),
	(77, 77, 79, 4, 'dingin', 31),
	(78, 78, 81, 2, NULL, 32),
	(79, 79, 78, 3, 'pakai gula rendah', 33),
	(80, 80, 82, 1, NULL, 34),
	(81, 81, 84, 5, NULL, 85),
	(82, 82, 83, 2, 'sedikit soda', 86),
	(83, 83, 85, 3, NULL, 87),
	(84, 84, 86, 4, NULL, 88),
	(85, 85, 87, 2, NULL, 89),
	(86, 86, 88, 3, 'tanpa garam', 90),
	(87, 87, 89, 2, NULL, 91),
	(88, 88, 90, 1, 'hangat', 93),
	(89, 89, 91, 3, NULL, 16),
	(90, 90, 92, 2, 'tambahkan es', 18),
	(91, 91, 93, 4, NULL, 19),
	(92, 92, 94, 3, NULL, 29),
	(93, 93, 95, 2, NULL, 25),
	(94, 94, 96, 1, 'tanpa gas', 26),
	(95, 95, 97, 4, NULL, 27),
	(96, 96, 98, 2, NULL, 28),
	(97, 97, 99, 3, 'pakai saus tambahan', 29),
	(98, 98, 100, 5, NULL, 30),
	(99, 99, 51, 2, 'hangat', 31),
	(100, 100, 29, 3, NULL, 32);

-- Dumping structure for table restoran_mewah.table_diskon
DROP TABLE IF EXISTS `table_diskon`;
CREATE TABLE IF NOT EXISTS `table_diskon` (
  `id_diskon` int(11) NOT NULL AUTO_INCREMENT,
  `nama_diskon` varchar(100) NOT NULL,
  `kriteria` enum('loyal','event_khusus','hari_raya') NOT NULL,
  `nilai_diskon_%` decimal(5,2) NOT NULL,
  `tanggal_mulai` date NOT NULL,
  `tanggal_selesai` date DEFAULT NULL,
  `deskripsi` text DEFAULT NULL,
  PRIMARY KEY (`id_diskon`),
  CONSTRAINT `chk_max_diskon` CHECK (`nilai_diskon_%` <= 100.00)
) ENGINE=InnoDB AUTO_INCREMENT=101 DEFAULT CHARSET=utf8mb4 COLLATE=utf8mb4_general_ci;

-- Dumping data for table restoran_mewah.table_diskon: ~100 rows (approximately)
INSERT INTO `table_diskon` (`id_diskon`, `nama_diskon`, `kriteria`, `nilai_diskon_%`, `tanggal_mulai`, `tanggal_selesai`, `deskripsi`) VALUES
	(1, 'Diskon 10%', 'loyal', 10.00, '2023-04-01', '2023-04-30', 'Diskon 10% untuk pelanggan setia.'),
	(2, 'Diskon Hari Raya', 'hari_raya', 15.00, '2023-04-01', '2023-04-25', 'Diskon spesial Hari Raya.'),
	(3, 'Diskon 20%', 'event_khusus', 20.00, '2023-04-15', '2023-04-20', 'Diskon khusus untuk event tahunan.'),
	(4, 'Diskon 5%', 'loyal', 5.00, '2023-04-05', '2023-04-15', 'Diskon untuk pelanggan yang sering datang.'),
	(5, 'Diskon 30%', 'event_khusus', 30.00, '2023-04-10', '2023-04-14', 'Diskon untuk acara spesial.'),
	(6, 'Diskon Ramadhan', 'hari_raya', 25.00, '2023-03-20', '2023-04-20', 'Diskon khusus bulan Ramadhan.'),
	(7, 'Diskon VIP Member', 'loyal', 12.50, '2023-04-15', '2023-05-15', 'Untuk pelanggan VIP.'),
	(8, 'Diskon Ulang Tahun', 'event_khusus', 20.00, '2023-05-01', '2023-05-07', 'Promo ulang tahun pelanggan.'),
	(9, 'Diskon 50%', 'event_khusus', 50.00, '2023-05-10', '2023-05-12', 'Diskon gila-gilaan selama 3 hari.'),
	(10, 'Diskon Lebaran', 'hari_raya', 30.00, '2023-04-25', '2023-05-05', 'Diskon spesial Hari Raya Idul Fitri.'),
	(11, 'Diskon Merdeka', 'event_khusus', 17.00, '2023-08-01', '2023-08-31', 'Diskon memperingati Hari Kemerdekaan.'),
	(12, 'Diskon HUT Resto', 'event_khusus', 25.00, '2023-09-10', '2023-09-15', 'Diskon ulang tahun restoran.'),
	(13, 'Diskon Natal', 'hari_raya', 20.00, '2023-12-20', '2023-12-26', 'Diskon spesial Natal.'),
	(14, 'Diskon Tahun Baru', 'hari_raya', 30.00, '2023-12-30', '2024-01-05', 'Diskon spesial Tahun Baru.'),
	(15, 'Diskon Member Gold', 'loyal', 15.00, '2023-06-01', '2023-06-30', 'Untuk pelanggan Gold Member.'),
	(16, 'Diskon Flash Sale', 'event_khusus', 40.00, '2023-07-15', '2023-07-15', 'Flash sale satu hari penuh.'),
	(17, 'Diskon Ramadan Spesial', 'hari_raya', 10.00, '2024-03-01', '2024-04-10', 'Diskon sepanjang bulan Ramadhan.'),
	(18, 'Diskon Weekend', 'loyal', 8.00, '2023-10-01', '2023-10-31', 'Diskon setiap akhir pekan.'),
	(19, 'Diskon Gajian', 'event_khusus', 20.00, '2023-11-25', '2023-11-30', 'Diskon akhir bulan.'),
	(20, 'Diskon Musim Hujan', 'event_khusus', 12.00, '2023-12-01', '2023-12-15', 'Diskon untuk musim hujan.'),
	(21, 'Diskon Akhir Tahun', 'event_khusus', 35.00, '2023-12-26', '2023-12-31', 'Penutupan tahun dengan diskon besar.'),
	(22, 'Diskon Hari Kasih Sayang', 'event_khusus', 14.00, '2024-02-14', '2024-02-14', 'Diskon spesial Valentine.'),
	(23, 'Diskon Imlek', 'hari_raya', 22.00, '2024-02-01', '2024-02-10', 'Diskon Tahun Baru Imlek.'),
	(24, 'Diskon Member Platinum', 'loyal', 20.00, '2023-10-01', '2023-11-01', 'Pelanggan Platinum mendapat potongan spesial.'),
	(25, 'Diskon Awal Tahun', 'hari_raya', 15.00, '2024-01-01', '2024-01-10', 'Diskon menyambut tahun baru.'),
	(26, 'Diskon Reuni Alumni', 'event_khusus', 18.00, '2023-09-20', '2023-09-22', 'Promo reuni sekolah/kampus.'),
	(27, 'Diskon Promo Sosmed', 'event_khusus', 10.00, '2023-06-15', '2023-06-20', 'Diskon khusus follower media sosial.'),
	(28, 'Diskon Hujan Emas', 'event_khusus', 45.00, '2023-11-10', '2023-11-12', 'Diskon kilat selama 3 hari.'),
	(29, 'Diskon Pelanggan Baru', 'loyal', 5.00, '2023-07-01', '2023-07-15', 'Diskon untuk pelanggan baru daftar.'),
	(30, 'Diskon Hari Kartini', 'hari_raya', 21.00, '2023-04-21', '2023-04-21', 'Diskon khusus Hari Kartini.'),
	(31, 'Diskon Exclusive Dinner', 'event_khusus', 35.00, '2024-05-01', '2024-05-07', 'Diskon untuk makan malam eksklusif.'),
	(32, 'Diskon VIP Weekend', 'loyal', 25.00, '2024-05-10', '2024-05-12', 'Diskon khusus untuk pelanggan VIP di akhir pekan.'),
	(33, 'Diskon Anniversary Restoran', 'event_khusus', 40.00, '2024-06-01', '2024-06-10', 'Diskon merayakan ulang tahun restoran.'),
	(34, 'Diskon Chef Special', 'event_khusus', 30.00, '2024-06-15', '2024-06-20', 'Diskon khusus menu spesial chef.'),
	(35, 'Diskon Loyal Customer', 'loyal', 18.00, '2024-07-01', '2024-07-31', 'Potongan harga untuk pelanggan setia.'),
	(36, 'Diskon Ramadhan Premium', 'hari_raya', 28.00, '2024-03-10', '2024-04-10', 'Diskon premium selama bulan Ramadhan.'),
	(37, 'Diskon Summer Special', 'event_khusus', 22.00, '2024-07-10', '2024-07-25', 'Diskon musim panas untuk menu segar.'),
	(38, 'Diskon Private Room', 'loyal', 15.00, '2024-08-01', '2024-08-31', 'Diskon untuk pemesanan ruang privat.'),
	(39, 'Diskon Hari Kemerdekaan', 'event_khusus', 20.00, '2024-08-17', '2024-08-17', 'Diskon memperingati Hari Kemerdekaan Indonesia.'),
	(40, 'Diskon Weekend Luxury', 'loyal', 27.00, '2024-09-01', '2024-09-30', 'Diskon akhir pekan untuk pelanggan loyal.'),
	(41, 'Diskon Natal Exclusive', 'hari_raya', 35.00, '2024-12-20', '2024-12-26', 'Diskon spesial Natal untuk pelanggan premium.'),
	(42, 'Diskon Tahun Baru VIP', 'hari_raya', 40.00, '2024-12-31', '2025-01-05', 'Diskon spesial Tahun Baru untuk pelanggan VIP.'),
	(43, 'Diskon Early Bird', 'event_khusus', 12.00, '2024-05-01', '2024-05-15', 'Diskon untuk pemesanan lebih awal.'),
	(44, 'Diskon Chef Tasting Menu', 'event_khusus', 33.00, '2024-06-05', '2024-06-15', 'Diskon untuk menu tasting spesial.'),
	(45, 'Diskon Loyalty Platinum', 'loyal', 30.00, '2024-07-01', '2024-07-31', 'Potongan harga untuk pelanggan platinum.'),
	(46, 'Diskon Anniversary VIP', 'event_khusus', 38.00, '2024-06-20', '2024-06-25', 'Diskon ulang tahun restoran untuk VIP.'),
	(47, 'Diskon Summer Breeze', 'event_khusus', 25.00, '2024-07-15', '2024-07-30', 'Diskon menu segar musim panas.'),
	(48, 'Diskon Premium Loyalty', 'loyal', 22.00, '2024-08-01', '2024-08-31', 'Diskon untuk pelanggan loyal premium.'),
	(49, 'Diskon Valentine Exclusive', 'event_khusus', 30.00, '2025-02-14', '2025-02-14', 'Diskon spesial Hari Valentine.'),
	(50, 'Diskon Pelanggan Baru VIP', 'loyal', 15.00, '2024-09-01', '2024-09-15', 'Diskon untuk pelanggan VIP baru.'),
	(51, 'Diskon Gala Dinner', 'event_khusus', 45.00, '2024-11-01', '2024-11-05', 'Diskon untuk acara gala dinner eksklusif.'),
	(52, 'Diskon Exclusive Buffet', 'event_khusus', 28.00, '2024-10-10', '2024-10-20', 'Diskon untuk buffet eksklusif.'),
	(53, 'Diskon Loyalty Silver', 'loyal', 10.00, '2024-05-01', '2024-05-31', 'Diskon untuk pelanggan silver.'),
	(54, 'Diskon Hari Ibu', 'event_khusus', 20.00, '2024-12-22', '2024-12-22', 'Diskon spesial Hari Ibu.'),
	(55, 'Diskon Weekend Outdoor', 'loyal', 18.00, '2024-08-05', '2024-08-31', 'Diskon untuk meja outdoor akhir pekan.'),
	(56, 'Diskon Promo Sosial Media', 'event_khusus', 12.00, '2024-06-01', '2024-06-10', 'Diskon untuk follower media sosial.'),
	(57, 'Diskon VIP Exclusive', 'loyal', 35.00, '2024-07-01', '2024-07-31', 'Diskon khusus pelanggan VIP.'),
	(58, 'Diskon Ramadhan Spesial', 'hari_raya', 27.00, '2025-03-01', '2025-04-10', 'Diskon selama Ramadhan.'),
	(59, 'Diskon Luxury Dining', 'event_khusus', 40.00, '2024-09-10', '2024-09-15', 'Diskon untuk pengalaman makan mewah.'),
	(60, 'Diskon Early Dinner', 'event_khusus', 15.00, '2024-05-01', '2024-05-10', 'Diskon untuk pemesanan makan malam awal.'),
	(61, 'Diskon Member Anniversary', 'loyal', 20.00, '2024-06-01', '2024-06-30', 'Diskon untuk anggota ulang tahun.'),
	(62, 'Diskon Makan Siang VIP', 'loyal', 22.00, '2024-07-01', '2024-07-31', 'Diskon khusus makan siang VIP.'),
	(63, 'Diskon Holiday Special', 'hari_raya', 30.00, '2024-12-20', '2025-01-05', 'Diskon spesial musim liburan.'),
	(64, 'Diskon Midweek Deal', 'event_khusus', 15.00, '2024-05-15', '2024-05-20', 'Diskon tengah minggu.'),
	(65, 'Diskon New Year Celebration', 'event_khusus', 35.00, '2024-12-31', '2025-01-02', 'Diskon merayakan Tahun Baru.'),
	(66, 'Diskon Loyalty Bronze', 'loyal', 8.00, '2024-05-01', '2024-05-31', 'Diskon untuk pelanggan bronze.'),
	(67, 'Diskon Outdoor Party', 'event_khusus', 25.00, '2024-08-01', '2024-08-10', 'Diskon untuk acara luar ruangan.'),
	(68, 'Diskon Chef Recommendation', 'event_khusus', 30.00, '2024-06-10', '2024-06-20', 'Diskon menu rekomendasi chef.'),
	(69, 'Diskon Loyalty Diamond', 'loyal', 40.00, '2024-07-01', '2024-07-31', 'Diskon untuk pelanggan diamond.'),
	(70, 'Diskon Family Package', 'event_khusus', 20.00, '2024-05-01', '2024-05-15', 'Diskon paket keluarga.'),
	(71, 'Diskon Festive Season', 'hari_raya', 25.00, '2024-12-01', '2024-12-31', 'Diskon musim perayaan.'),
	(72, 'Diskon Romantic Dinner', 'event_khusus', 30.00, '2024-02-10', '2024-02-14', 'Diskon untuk makan malam romantis.'),
	(73, 'Diskon Loyalty Black Card', 'loyal', 50.00, '2024-07-01', '2024-07-31', 'Diskon khusus kartu hitam loyalty.'),
	(74, 'Diskon New Menu Launch', 'event_khusus', 20.00, '2024-05-15', '2024-05-25', 'Diskon peluncuran menu baru.'),
	(75, 'Diskon Chef Table', 'event_khusus', 45.00, '2024-06-20', '2024-06-30', 'Diskon meja khusus chef.'),
	(76, 'Diskon VIP Lounge', 'loyal', 30.00, '2024-08-01', '2024-08-31', 'Diskon untuk lounge VIP.'),
	(77, 'Diskon Makan Siang Karyawan', 'loyal', 15.00, '2024-05-01', '2024-05-31', 'Diskon khusus karyawan.'),
	(78, 'Diskon Hari Pahlawan', 'event_khusus', 20.00, '2024-11-10', '2024-11-10', 'Diskon memperingati Hari Pahlawan.'),
	(79, 'Diskon VIP Family', 'loyal', 35.00, '2024-09-01', '2024-09-30', 'Diskon untuk keluarga VIP.'),
	(80, 'Diskon Dinner Paket', 'event_khusus', 25.00, '2024-05-01', '2024-05-20', 'Diskon paket makan malam.'),
	(81, 'Diskon Weekend Brunch', 'loyal', 20.00, '2024-07-01', '2024-07-31', 'Diskon brunch akhir pekan.'),
	(82, 'Diskon Loyal Customer Anniversary', 'loyal', 30.00, '2024-06-01', '2024-06-10', 'Diskon khusus ulang tahun pelanggan setia.'),
	(83, 'Diskon Outdoor Dining', 'event_khusus', 18.00, '2024-08-01', '2024-08-15', 'Diskon makan di luar ruangan.'),
	(84, 'Diskon VIP Dinner', 'loyal', 40.00, '2024-09-01', '2024-09-15', 'Diskon makan malam VIP.'),
	(85, 'Diskon Festival Kuliner', 'event_khusus', 25.00, '2024-10-01', '2024-10-10', 'Diskon festival kuliner.'),
	(86, 'Diskon Promo Early Booking', 'event_khusus', 20.00, '2024-05-01', '2024-05-05', 'Diskon untuk pemesanan awal.'),
	(87, 'Diskon Weekend Party', 'event_khusus', 30.00, '2024-07-10', '2024-07-12', 'Diskon pesta akhir pekan.'),
	(88, 'Diskon Loyalty Elite', 'loyal', 25.00, '2024-08-01', '2024-08-31', 'Diskon untuk pelanggan elite.'),
	(89, 'Diskon Chef Collaboration', 'event_khusus', 35.00, '2024-06-15', '2024-06-25', 'Diskon kolaborasi chef terkenal.'),
	(90, 'Diskon Member Anniversary Gold', 'loyal', 22.00, '2024-07-01', '2024-07-15', 'Diskon ulang tahun member gold.'),
	(91, 'Diskon Holiday VIP', 'loyal', 40.00, '2024-12-20', '2025-01-05', 'Diskon VIP saat liburan.'),
	(92, 'Diskon Dinner Date', 'event_khusus', 28.00, '2024-02-10', '2024-02-14', 'Diskon untuk dinner date.'),
	(93, 'Diskon Weekend Getaway', 'event_khusus', 35.00, '2024-08-15', '2024-08-18', 'Diskon akhir pekan getaway.'),
	(94, 'Diskon Loyalty Anniversary Platinum', 'loyal', 30.00, '2024-07-01', '2024-07-31', 'Diskon ulang tahun pelanggan platinum.'),
	(95, 'Diskon Private Chef', 'event_khusus', 45.00, '2024-06-01', '2024-06-10', 'Diskon layanan chef privat.'),
	(96, 'Diskon Weekend Special', 'loyal', 20.00, '2024-09-01', '2024-09-30', 'Diskon khusus akhir pekan.'),
	(97, 'Diskon Family Gathering', 'event_khusus', 22.00, '2024-05-01', '2024-05-15', 'Diskon untuk acara kumpul keluarga.'),
	(98, 'Diskon Loyalty Black', 'loyal', 50.00, '2024-07-01', '2024-07-31', 'Diskon untuk pelanggan black card.'),
	(99, 'Diskon Dinner Festival', 'event_khusus', 33.00, '2024-10-15', '2024-10-25', 'Diskon festival makan malam.'),
	(100, 'Diskon New Years Eve Gala', 'event_khusus', 40.00, '2024-12-31', '2025-01-01', 'Diskon gala malam Tahun Baru.');

-- Dumping structure for table restoran_mewah.table_laporan_keuangan
DROP TABLE IF EXISTS `table_laporan_keuangan`;
CREATE TABLE IF NOT EXISTS `table_laporan_keuangan` (
  `id_laporan` int(11) NOT NULL AUTO_INCREMENT,
  `bulan` enum('Januari','Februari','Maret','April','Mei','Juni','Juli','Agustus','September','Oktober','November','Desember') NOT NULL,
  `tahun` smallint(4) NOT NULL,
  `id_manager` int(11) NOT NULL,
  `total_pendapatan` decimal(12,2) NOT NULL,
  `total_pengeluaran` decimal(12,2) NOT NULL,
  `laba_bersih` decimal(12,2) NOT NULL,
  `total_diskon` decimal(5,2) NOT NULL,
  `jumlah_pesanan` int(11) NOT NULL,
  `tanggal_dibuat` date NOT NULL,
  PRIMARY KEY (`id_laporan`),
  KEY `id_manager` (`id_manager`),
  CONSTRAINT `table_laporan_keuangan_ibfk_1` FOREIGN KEY (`id_manager`) REFERENCES `table_pegawai` (`id_pegawai`),
  CONSTRAINT `chk_total_diskon` CHECK (`total_diskon` <= 100.00)
) ENGINE=InnoDB AUTO_INCREMENT=85 DEFAULT CHARSET=utf8mb4 COLLATE=utf8mb4_general_ci;

-- Dumping data for table restoran_mewah.table_laporan_keuangan: ~84 rows (approximately)
INSERT INTO `table_laporan_keuangan` (`id_laporan`, `bulan`, `tahun`, `id_manager`, `total_pendapatan`, `total_pengeluaran`, `laba_bersih`, `total_diskon`, `jumlah_pesanan`, `tanggal_dibuat`) VALUES
	(1, 'Januari', 2022, 1, 15432000.50, 12450000.25, 2982000.25, 5.50, 420, '2022-01-28'),
	(2, 'Februari', 2022, 1, 17890000.00, 14560000.00, 3330000.00, 6.25, 450, '2022-02-27'),
	(3, 'Maret', 2022, 1, 21250000.75, 16200000.40, 5050000.35, 4.80, 470, '2022-03-30'),
	(4, 'April', 2022, 1, 19870000.10, 15340000.20, 4530000.00, 7.10, 495, '2022-04-29'),
	(5, 'Mei', 2022, 1, 22540000.50, 18050000.20, 4490000.30, 3.90, 520, '2022-05-30'),
	(6, 'Juni', 2022, 1, 20100000.00, 15680000.00, 4420000.00, 8.25, 480, '2022-06-29'),
	(7, 'Juli', 2022, 1, 21780000.25, 16400000.00, 5380000.25, 5.60, 510, '2022-07-30'),
	(8, 'Agustus', 2022, 1, 23000000.00, 17050000.00, 5950000.00, 6.75, 525, '2022-08-30'),
	(9, 'September', 2022, 1, 24560000.40, 18100000.20, 6460000.20, 4.90, 550, '2022-09-29'),
	(10, 'Oktober', 2022, 1, 26000000.00, 19500000.00, 6500000.00, 7.30, 575, '2022-10-30'),
	(11, 'November', 2022, 1, 25540000.75, 20100000.60, 5440000.15, 6.40, 560, '2022-11-29'),
	(12, 'Desember', 2022, 1, 27500000.00, 21400000.00, 6100000.00, 5.75, 600, '2022-12-30'),
	(13, 'Januari', 2023, 1, 16000000.00, 12300000.00, 3700000.00, 4.25, 430, '2023-01-30'),
	(14, 'Februari', 2023, 1, 17800000.00, 14100000.00, 3700000.00, 6.50, 440, '2023-02-28'),
	(15, 'Maret', 2023, 1, 19000000.50, 15000000.20, 4000000.30, 7.10, 465, '2023-03-30'),
	(16, 'April', 2023, 1, 21000000.00, 16500000.00, 4500000.00, 8.00, 490, '2023-04-29'),
	(17, 'Mei', 2023, 1, 22000000.00, 17100000.00, 4900000.00, 3.80, 500, '2023-05-30'),
	(18, 'Juni', 2023, 1, 23500000.25, 18000000.50, 5500000.00, 5.60, 530, '2023-06-29'),
	(19, 'Juli', 2023, 1, 24800000.00, 19100000.00, 5700000.00, 6.45, 540, '2023-07-30'),
	(20, 'Agustus', 2023, 1, 26000000.00, 19800000.00, 6200000.00, 4.70, 550, '2023-08-30'),
	(21, 'September', 2023, 1, 27300000.50, 20500000.20, 6800000.30, 5.20, 570, '2023-09-29'),
	(22, 'Oktober', 2023, 1, 28500000.00, 21500000.00, 7000000.00, 7.60, 580, '2023-10-30'),
	(23, 'November', 2023, 1, 29000000.00, 22000000.00, 7000000.00, 4.90, 600, '2023-11-29'),
	(24, 'Desember', 2023, 1, 30500000.00, 23500000.00, 7000000.00, 6.30, 630, '2023-12-30'),
	(25, 'Januari', 2024, 1, 32000000.00, 24000000.00, 8000000.00, 5.10, 640, '2024-01-30'),
	(26, 'Februari', 2024, 1, 31000000.00, 23800000.00, 7200000.00, 4.75, 650, '2024-02-29'),
	(27, 'Maret', 2024, 1, 33500000.00, 25000000.00, 8500000.00, 6.25, 670, '2024-03-30'),
	(28, 'April', 2024, 1, 34000000.00, 25700000.00, 8300000.00, 5.85, 690, '2024-04-29'),
	(29, 'Mei', 2024, 1, 35500000.00, 26500000.00, 9000000.00, 7.40, 710, '2024-05-30'),
	(30, 'Juni', 2024, 1, 36500000.00, 27500000.00, 9000000.00, 6.00, 720, '2024-06-29'),
	(31, 'Juli', 2024, 1, 37000000.00, 27800000.00, 9200000.00, 5.75, 730, '2024-07-30'),
	(32, 'Agustus', 2024, 1, 38000000.00, 28200000.00, 9800000.00, 4.60, 740, '2024-08-30'),
	(33, 'September', 2024, 1, 39500000.00, 29500000.00, 10000000.00, 6.30, 750, '2024-09-29'),
	(34, 'Oktober', 2024, 1, 41000000.00, 30500000.00, 10500000.00, 5.25, 770, '2024-10-30'),
	(35, 'November', 2024, 1, 42000000.00, 31500000.00, 10500000.00, 7.00, 780, '2024-11-29'),
	(36, 'Desember', 2024, 1, 43000000.00, 32000000.00, 11000000.00, 6.90, 800, '2024-12-30'),
	(37, 'Januari', 2025, 1, 45000000.00, 33000000.00, 12000000.00, 4.50, 820, '2025-01-30'),
	(38, 'Februari', 2025, 1, 46000000.00, 34000000.00, 12000000.00, 5.25, 830, '2025-02-28'),
	(39, 'Maret', 2025, 1, 47000000.00, 34500000.00, 12500000.00, 6.75, 840, '2025-03-30'),
	(40, 'April', 2025, 1, 48500000.00, 35000000.00, 13500000.00, 7.10, 860, '2025-04-29'),
	(41, 'Mei', 2025, 1, 49000000.00, 35200000.00, 13800000.00, 5.60, 870, '2025-05-30'),
	(42, 'Juni', 2025, 1, 50000000.00, 36000000.00, 14000000.00, 4.80, 880, '2025-06-29'),
	(43, 'Juli', 2025, 1, 51000000.00, 36500000.00, 14500000.00, 6.30, 890, '2025-07-30'),
	(44, 'Agustus', 2025, 1, 52000000.00, 37200000.00, 14800000.00, 5.25, 900, '2025-08-30'),
	(45, 'September', 2025, 1, 53500000.00, 38000000.00, 15500000.00, 4.70, 910, '2025-09-29'),
	(46, 'Oktober', 2025, 1, 54000000.00, 38500000.00, 15500000.00, 7.00, 920, '2025-10-15'),
	(47, 'November', 2025, 1, 55000000.00, 39000000.00, 16000000.00, 6.20, 930, '2025-11-29'),
	(48, 'Desember', 2025, 1, 56500000.00, 40000000.00, 16500000.00, 5.75, 940, '2025-12-30'),
	(49, 'Januari', 2021, 1, 14000000.00, 11000000.00, 3000000.00, 5.10, 410, '2021-01-28'),
	(50, 'Februari', 2021, 1, 15000000.00, 11500000.00, 3500000.00, 6.20, 415, '2021-02-27'),
	(51, 'Maret', 2021, 1, 16000000.00, 12000000.00, 4000000.00, 4.75, 420, '2021-03-30'),
	(52, 'April', 2021, 1, 16500000.00, 12300000.00, 4200000.00, 5.85, 425, '2021-04-29'),
	(53, 'Mei', 2021, 1, 17000000.00, 12800000.00, 4200000.00, 6.10, 430, '2021-05-30'),
	(54, 'Juni', 2021, 1, 17500000.00, 13200000.00, 4300000.00, 7.20, 435, '2021-06-29'),
	(55, 'Juli', 2021, 1, 18000000.00, 13500000.00, 4500000.00, 5.65, 440, '2021-07-30'),
	(56, 'Agustus', 2021, 1, 18500000.00, 13800000.00, 4700000.00, 4.95, 445, '2021-08-30'),
	(57, 'September', 2021, 1, 19000000.00, 14200000.00, 4800000.00, 5.70, 450, '2021-09-29'),
	(58, 'Oktober', 2021, 1, 19500000.00, 14500000.00, 5000000.00, 6.50, 455, '2021-10-30'),
	(59, 'November', 2021, 1, 20000000.00, 15000000.00, 5000000.00, 7.10, 460, '2021-11-29'),
	(60, 'Desember', 2021, 1, 21000000.00, 15500000.00, 5500000.00, 5.95, 465, '2021-12-30'),
	(61, 'Januari', 2020, 1, 12000000.00, 9000000.00, 3000000.00, 5.25, 400, '2020-01-28'),
	(62, 'Februari', 2020, 1, 12500000.00, 9300000.00, 3200000.00, 6.80, 405, '2020-02-27'),
	(63, 'Maret', 2020, 1, 13000000.00, 9700000.00, 3300000.00, 4.90, 410, '2020-03-30'),
	(64, 'April', 2020, 1, 13500000.00, 9800000.00, 3700000.00, 5.60, 415, '2020-04-29'),
	(65, 'Mei', 2020, 1, 14000000.00, 10000000.00, 4000000.00, 6.40, 420, '2020-05-30'),
	(66, 'Juni', 2020, 1, 14500000.00, 10500000.00, 4000000.00, 5.75, 425, '2020-06-29'),
	(67, 'Juli', 2020, 1, 15000000.00, 11000000.00, 4000000.00, 7.25, 430, '2020-07-30'),
	(68, 'Agustus', 2020, 1, 15500000.00, 11500000.00, 4000000.00, 4.80, 435, '2020-08-30'),
	(69, 'September', 2020, 1, 16000000.00, 12000000.00, 4000000.00, 6.00, 440, '2020-09-29'),
	(70, 'Oktober', 2020, 1, 16500000.00, 12300000.00, 4200000.00, 5.55, 445, '2020-10-30'),
	(71, 'November', 2020, 1, 17000000.00, 12500000.00, 4500000.00, 6.15, 450, '2020-11-29'),
	(72, 'Desember', 2020, 1, 17500000.00, 13000000.00, 4500000.00, 5.95, 455, '2020-12-30'),
	(73, 'Januari', 2019, 1, 11000000.00, 8500000.00, 2500000.00, 4.90, 390, '2019-01-28'),
	(74, 'Februari', 2019, 1, 11500000.00, 8700000.00, 2800000.00, 5.35, 395, '2019-02-27'),
	(75, 'Maret', 2019, 1, 12000000.00, 9000000.00, 3000000.00, 6.25, 400, '2019-03-30'),
	(76, 'April', 2019, 1, 12500000.00, 9300000.00, 3200000.00, 5.75, 405, '2019-04-29'),
	(77, 'Mei', 2019, 1, 13000000.00, 9500000.00, 3500000.00, 6.80, 410, '2019-05-30'),
	(78, 'Juni', 2019, 1, 13500000.00, 9700000.00, 3800000.00, 5.40, 415, '2019-06-29'),
	(79, 'Juli', 2019, 1, 14000000.00, 10000000.00, 4000000.00, 4.70, 420, '2019-07-30'),
	(80, 'Agustus', 2019, 1, 14500000.00, 10300000.00, 4200000.00, 7.00, 425, '2019-08-30'),
	(81, 'September', 2019, 1, 15000000.00, 10600000.00, 4400000.00, 6.25, 430, '2019-09-29'),
	(82, 'Oktober', 2019, 1, 15500000.00, 10900000.00, 4600000.00, 5.90, 435, '2019-10-30'),
	(83, 'November', 2019, 1, 16000000.00, 11200000.00, 4800000.00, 6.50, 440, '2019-11-29'),
	(84, 'Desember', 2019, 1, 16500000.00, 11500000.00, 5000000.00, 5.80, 445, '2019-12-30');

-- Dumping structure for table restoran_mewah.table_meja
DROP TABLE IF EXISTS `table_meja`;
CREATE TABLE IF NOT EXISTS `table_meja` (
  `id_meja` int(11) NOT NULL AUTO_INCREMENT,
  `nomor_meja` varchar(10) NOT NULL,
  `kapasitas` tinyint(2) NOT NULL,
  `tipe_meja` enum('VIP','Reguler','Outdoor','Private Room') NOT NULL,
  `status` enum('booked','available','occupied') NOT NULL DEFAULT 'available',
  PRIMARY KEY (`id_meja`)
) ENGINE=InnoDB AUTO_INCREMENT=101 DEFAULT CHARSET=utf8mb4 COLLATE=utf8mb4_general_ci;

-- Dumping data for table restoran_mewah.table_meja: ~100 rows (approximately)
INSERT INTO `table_meja` (`id_meja`, `nomor_meja`, `kapasitas`, `tipe_meja`, `status`) VALUES
	(1, 'M1', 4, 'Reguler', 'available'),
	(2, 'M2', 2, 'VIP', 'available'),
	(3, 'M3', 6, 'Outdoor', 'available'),
	(4, 'M4', 8, 'Private Room', 'available'),
	(5, 'M5', 4, 'Reguler', 'available'),
	(6, 'M6', 2, 'VIP', 'available'),
	(7, 'M7', 6, 'Outdoor', 'available'),
	(8, 'M8', 8, 'Private Room', 'available'),
	(9, 'M9', 4, 'Reguler', 'available'),
	(10, 'M10', 2, 'VIP', 'available'),
	(11, 'M11', 6, 'Outdoor', 'available'),
	(12, 'M12', 8, 'Private Room', 'available'),
	(13, 'M13', 4, 'Reguler', 'available'),
	(14, 'M14', 2, 'VIP', 'available'),
	(15, 'M15', 6, 'Outdoor', 'available'),
	(16, 'M16', 8, 'Private Room', 'available'),
	(17, 'M17', 4, 'Reguler', 'available'),
	(18, 'M18', 2, 'VIP', 'available'),
	(19, 'M19', 6, 'Outdoor', 'available'),
	(20, 'M20', 8, 'Private Room', 'available'),
	(21, 'M21', 4, 'Reguler', 'available'),
	(22, 'M22', 2, 'VIP', 'available'),
	(23, 'M23', 6, 'Outdoor', 'available'),
	(24, 'M24', 8, 'Private Room', 'available'),
	(25, 'M25', 4, 'Reguler', 'available'),
	(26, 'M26', 2, 'VIP', 'available'),
	(27, 'M27', 6, 'Outdoor', 'available'),
	(28, 'M28', 8, 'Private Room', 'available'),
	(29, 'M29', 4, 'Reguler', 'available'),
	(30, 'M30', 2, 'VIP', 'available'),
	(31, 'M31', 4, 'Reguler', 'available'),
	(32, 'M32', 2, 'VIP', 'available'),
	(33, 'M33', 6, 'Outdoor', 'available'),
	(34, 'M34', 8, 'Private Room', 'available'),
	(35, 'M35', 4, 'Reguler', 'available'),
	(36, 'M36', 2, 'VIP', 'available'),
	(37, 'M37', 6, 'Outdoor', 'available'),
	(38, 'M38', 8, 'Private Room', 'available'),
	(39, 'M39', 4, 'Reguler', 'available'),
	(40, 'M40', 2, 'VIP', 'available'),
	(41, 'M41', 6, 'Outdoor', 'available'),
	(42, 'M42', 8, 'Private Room', 'available'),
	(43, 'M43', 4, 'Reguler', 'available'),
	(44, 'M44', 2, 'VIP', 'available'),
	(45, 'M45', 6, 'Outdoor', 'available'),
	(46, 'M46', 8, 'Private Room', 'available'),
	(47, 'M47', 4, 'Reguler', 'available'),
	(48, 'M48', 2, 'VIP', 'available'),
	(49, 'M49', 6, 'Outdoor', 'available'),
	(50, 'M50', 8, 'Private Room', 'available'),
	(51, 'M51', 4, 'Reguler', 'available'),
	(52, 'M52', 2, 'VIP', 'available'),
	(53, 'M53', 6, 'Outdoor', 'available'),
	(54, 'M54', 8, 'Private Room', 'available'),
	(55, 'M55', 4, 'Reguler', 'available'),
	(56, 'M56', 2, 'VIP', 'available'),
	(57, 'M57', 6, 'Outdoor', 'available'),
	(58, 'M58', 8, 'Private Room', 'available'),
	(59, 'M59', 4, 'Reguler', 'available'),
	(60, 'M60', 2, 'VIP', 'available'),
	(61, 'M61', 6, 'Outdoor', 'available'),
	(62, 'M62', 8, 'Private Room', 'available'),
	(63, 'M63', 4, 'Reguler', 'available'),
	(64, 'M64', 2, 'VIP', 'available'),
	(65, 'M65', 6, 'Outdoor', 'available'),
	(66, 'M66', 8, 'Private Room', 'available'),
	(67, 'M67', 4, 'Reguler', 'available'),
	(68, 'M68', 2, 'VIP', 'available'),
	(69, 'M69', 6, 'Outdoor', 'available'),
	(70, 'M70', 8, 'Private Room', 'available'),
	(71, 'M71', 4, 'Reguler', 'available'),
	(72, 'M72', 2, 'VIP', 'available'),
	(73, 'M73', 6, 'Outdoor', 'available'),
	(74, 'M74', 8, 'Private Room', 'available'),
	(75, 'M75', 4, 'Reguler', 'available'),
	(76, 'M76', 2, 'VIP', 'available'),
	(77, 'M77', 6, 'Outdoor', 'available'),
	(78, 'M78', 8, 'Private Room', 'available'),
	(79, 'M79', 4, 'Reguler', 'available'),
	(80, 'M80', 2, 'VIP', 'available'),
	(81, 'M81', 6, 'Outdoor', 'available'),
	(82, 'M82', 8, 'Private Room', 'available'),
	(83, 'M83', 4, 'Reguler', 'available'),
	(84, 'M84', 2, 'VIP', 'available'),
	(85, 'M85', 6, 'Outdoor', 'available'),
	(86, 'M86', 8, 'Private Room', 'available'),
	(87, 'M87', 4, 'Reguler', 'available'),
	(88, 'M88', 2, 'VIP', 'available'),
	(89, 'M89', 6, 'Outdoor', 'available'),
	(90, 'M90', 8, 'Private Room', 'available'),
	(91, 'M91', 4, 'Reguler', 'available'),
	(92, 'M92', 2, 'VIP', 'available'),
	(93, 'M93', 6, 'Outdoor', 'available'),
	(94, 'M94', 8, 'Private Room', 'available'),
	(95, 'M95', 4, 'Reguler', 'available'),
	(96, 'M96', 2, 'VIP', 'available'),
	(97, 'M97', 6, 'Outdoor', 'available'),
	(98, 'M98', 8, 'Private Room', 'available'),
	(99, 'M99', 4, 'Reguler', 'available'),
	(100, 'M100', 2, 'VIP', 'available');

-- Dumping structure for table restoran_mewah.table_menu
DROP TABLE IF EXISTS `table_menu`;
CREATE TABLE IF NOT EXISTS `table_menu` (
  `id_menu` int(11) NOT NULL AUTO_INCREMENT,
  `nama_menu` varchar(100) NOT NULL,
  `kategori` enum('makanan pembuka','hidangan utama','makanan penutup','snack','kopi','teh','jus','mocktail','wine','cocktail','champagne','air mineral') NOT NULL,
  `harga` decimal(10,2) NOT NULL,
  `ketersediaan` enum('tersedia','habis') NOT NULL,
  `deskripsi` text DEFAULT NULL,
  PRIMARY KEY (`id_menu`)
) ENGINE=InnoDB AUTO_INCREMENT=101 DEFAULT CHARSET=utf8mb4 COLLATE=utf8mb4_general_ci;

-- Dumping data for table restoran_mewah.table_menu: ~100 rows (approximately)
INSERT INTO `table_menu` (`id_menu`, `nama_menu`, `kategori`, `harga`, `ketersediaan`, `deskripsi`) VALUES
	(1, 'Salad Caesar', 'makanan pembuka', 50000.00, 'tersedia', 'Salad segar dengan saus Caesar khas restoran'),
	(2, 'Spaghetti Carbonara', 'hidangan utama', 80000.00, 'tersedia', 'Spaghetti dengan saus krim dan daging asap'),
	(3, 'Tiramisu', 'makanan penutup', 60000.00, 'tersedia', 'Kue lapis kopi dengan mascarpone dan cokelat'),
	(4, 'French Fries', 'snack', 30000.00, 'tersedia', 'Kentang goreng renyah dengan bumbu rahasia'),
	(5, 'Espresso', 'kopi', 25000.00, 'tersedia', 'Kopi hitam pekat yang disajikan panas'),
	(6, 'Teh Tarik', 'teh', 20000.00, 'tersedia', 'Teh susu yang ditarik untuk menghasilkan busa'),
	(7, 'Jus Jeruk Segar', 'jus', 35000.00, 'tersedia', 'Jus jeruk segar tanpa tambahan gula'),
	(8, 'Virgin Mojito', 'mocktail', 40000.00, 'tersedia', 'Minuman mint segar tanpa alkohol'),
	(9, 'Red Wine Merlot', 'wine', 150000.00, 'tersedia', NULL),
	(10, 'Mojito Cocktail', 'cocktail', 70000.00, 'tersedia', NULL),
	(11, 'Champagne Brut', 'champagne', 200000.00, 'tersedia', NULL),
	(12, 'Air Mineral Botol Kecil', 'air mineral', 10000.00, 'tersedia', NULL),
	(13, 'Air Mineral Botol Besar', 'air mineral', 15000.00, 'tersedia', NULL),
	(14, 'Pizza Margherita', 'hidangan utama', 90000.00, 'tersedia', 'Pizza dengan saus tomat, mozzarella, dan basil segar'),
	(15, 'Sushi Roll Spesial', 'makanan pembuka', 120000.00, 'tersedia', 'Sushi roll dengan isian ikan segar dan sayuran'),
	(16, 'Panna Cotta', 'makanan penutup', 55000.00, 'tersedia', 'Puding krim Italia yang lembut dengan saus berry'),
	(17, 'Nachos Keju', 'snack', 35000.00, 'tersedia', 'Keripik jagung dengan saus keju leleh'),
	(18, 'Latte Macchiato', 'kopi', 30000.00, 'tersedia', NULL),
	(19, 'Matcha Latte', 'teh', 25000.00, 'tersedia', NULL),
	(20, 'Jus Alpukat Madu', 'jus', 40000.00, 'tersedia', NULL),
	(21, 'Pina Colada Mocktail', 'mocktail', 45000.00, 'tersedia', NULL),
	(22, 'White Wine Chardonnay', 'wine', 160000.00, 'tersedia', NULL),
	(23, 'Bloody Mary Cocktail', 'cocktail', 75000.00, 'tersedia', NULL),
	(24, 'Sparkling Wine', 'champagne', 220000.00, 'tersedia', NULL),
	(25, 'Air Mineral Galon', 'air mineral', 50000.00, 'tersedia', NULL),
	(26, 'Burger Daging Sapi Spesial', 'hidangan utama', 95000.00, 'tersedia', 'Burger dengan daging sapi premium dan saus rahasia'),
	(27, 'Cappuccino', 'kopi', 28000.00, 'tersedia', NULL),
	(28, 'Teh Hijau Jepang', 'teh', 22000.00, 'tersedia', NULL),
	(29, 'Jus Mangga Segar', 'jus', 38000.00, 'tersedia', NULL),
	(30, 'Mojito Strawberry Mocktail', 'mocktail', 48000.00, 'tersedia', NULL),
	(31, 'Rosé Wine', 'wine', 170000.00, 'tersedia', NULL),
	(32, 'Cosmopolitan Cocktail', 'cocktail', 80000.00, 'tersedia', NULL),
	(33, 'Champagne Rosé', 'champagne', 250000.00, 'tersedia', NULL),
	(34, 'Air Mineral Botol Besar Premium', 'air mineral', 20000.00, 'tersedia', NULL),
	(35, 'Salad Quinoa', 'makanan pembuka', 55000.00, 'tersedia', 'Salad sehat dengan quinoa, sayuran segar, dan dressing lemon'),
	(36, 'Risotto Jamur', 'hidangan utama', 85000.00, 'tersedia', 'Risotto krim dengan jamur liar dan parmesan'),
	(37, 'Cheesecake New York', 'makanan penutup', 65000.00, 'tersedia', 'Kue keju klasik dengan dasar biskuit renyah'),
	(38, 'Bruschetta Tomat Basil', 'snack', 40000.00, 'tersedia', 'Roti panggang dengan topping tomat segar dan basil'),
	(39, 'Affogato Espresso', 'kopi', 30000.00, 'tersedia', NULL),
	(40, 'Teh Earl Grey', 'teh', 22000.00, 'tersedia', NULL),
	(41, 'Jus Berry Mix', 'jus', 42000.00, 'tersedia', NULL),
	(42, 'Virgin Piña Colada Mocktail', 'mocktail', 50000.00, 'tersedia', NULL),
	(43, 'Red Wine Cabernet Sauvignon', 'wine', 180000.00, 'tersedia', NULL),
	(44, 'Mai Tai Cocktail', 'cocktail', 85000.00, 'tersedia', NULL),
	(45, 'Champagne Blanc de Blancs', 'champagne', 280000.00, 'tersedia', NULL),
	(46, 'Air Mineral Botol Kecil Premium', 'air mineral', 12000.00, 'tersedia', NULL),
	(47, 'Taco Ayam Pedas', 'hidangan utama', 90000.00, 'tersedia', 'Taco dengan isian ayam pedas, sayuran segar, dan saus salsa'),
	(48, 'Gelato Cokelat', 'makanan penutup', 50000.00, 'tersedia', 'Es krim gelato dengan rasa cokelat yang kaya'),
	(49, 'Popcorn Mentega', 'snack', 25000.00, 'tersedia', 'Popcorn renyah dengan mentega leleh'),
	(50, 'Macchiato Karamel', 'kopi', 32000.00, 'tersedia', NULL),
	(51, 'Teh Herbal Chamomile', 'teh', 20000.00, 'tersedia', NULL),
	(52, 'Jus Nanas Segar', 'jus', 36000.00, 'tersedia', NULL),
	(53, 'Mojito Kiwi Mocktail', 'mocktail', 48000.00, 'tersedia', NULL),
	(54, 'White Wine Sauvignon Blanc', 'wine', 170000.00, 'tersedia', NULL),
	(55, 'Daiquiri Strawberry Cocktail', 'cocktail', 80000.00, 'tersedia', NULL),
	(56, 'Champagne Vintage Brut', 'champagne', 300000.00, 'tersedia', NULL),
	(57, 'Air Mineral Botol Kecil Organik', 'air mineral', 15000.00, 'tersedia', NULL),
	(58, 'Pasta Pesto Ayam', 'hidangan utama', 95000.00, 'tersedia', 'Pasta dengan saus pesto segar dan potongan ayam panggang'),
	(59, 'Brownies Kacang', 'makanan penutup', 60000.00, 'tersedia', 'Brownies cokelat dengan potongan kacang kenari'),
	(60, 'Keripik Tortilla Salsa', 'snack', 30000.00, 'tersedia', 'Keripik tortilla dengan saus salsa pedas'),
	(61, 'Carpaccio Daging Sapi Wagyu', 'makanan pembuka', 120000.00, 'tersedia', 'Irisan tipis daging sapi wagyu dengan dressing lemon dan keju parmesan'),
	(62, 'Lobster Thermidor', 'hidangan utama', 350000.00, 'tersedia', 'Lobster panggang dengan saus krim mustard dan keju gratin'),
	(63, 'Crème Brûlée Vanilla', 'makanan penutup', 85000.00, 'tersedia', 'Puding custard dengan lapisan gula karamel renyah'),
	(64, 'Truffle Parmesan Fries', 'snack', 70000.00, 'tersedia', 'Kentang goreng dengan minyak truffle dan parutan keju parmesan'),
	(65, 'Ristretto Espresso', 'kopi', 35000.00, 'tersedia', 'Espresso pekat dengan ekstraksi cepat'),
	(66, 'Teh Oolong Premium', 'teh', 40000.00, 'tersedia', 'Teh oolong pilihan dengan aroma floral khas'),
	(67, 'Jus Delima Segar', 'jus', 55000.00, 'tersedia', 'Jus buah delima segar tanpa tambahan gula'),
	(68, 'Mocktail Lavender Honey', 'mocktail', 60000.00, 'tersedia', 'Minuman mocktail dengan infusi lavender dan madu alami'),
	(69, 'Pinot Noir Red Wine', 'wine', 220000.00, 'tersedia', 'Anggur merah dengan rasa lembut dan aroma buah berry'),
	(70, 'Negroni Cocktail', 'cocktail', 90000.00, 'tersedia', 'Cocktail klasik dengan campuran gin, vermouth, dan Campari'),
	(71, 'Champagne Cuvée Prestige', 'champagne', 350000.00, 'tersedia', 'Champagne berkualitas tinggi dengan rasa halus dan kompleks'),
	(72, 'Air Mineral Alpine', 'air mineral', 25000.00, 'tersedia', 'Air mineral premium dari pegunungan Alpen'),
	(73, 'Foie Gras Terrine', 'makanan pembuka', 180000.00, 'tersedia', 'Terrine hati angsa dengan roti panggang dan selai buah'),
	(74, 'Beef Wellington', 'hidangan utama', 400000.00, 'tersedia', 'Daging sapi fillet dibungkus puff pastry dengan saus red wine'),
	(75, 'Soufflé Cokelat', 'makanan penutup', 90000.00, 'tersedia', 'Kue souffle cokelat panas dengan tekstur lembut'),
	(76, 'Caviar with Blinis', 'snack', 250000.00, 'tersedia', 'Telur ikan kaviar disajikan dengan blinis dan krim asam'),
	(77, 'Flat White', 'kopi', 35000.00, 'tersedia', 'Kopi espresso dengan susu steamed dan foam tipis'),
	(78, 'Teh Jasmine Silver Needle', 'teh', 45000.00, 'tersedia', 'Teh hijau jasmine pilihan dengan daun silver needle'),
	(79, 'Jus Cranberry Mix', 'jus', 50000.00, 'tersedia', 'Jus cranberry dengan campuran buah segar lainnya'),
	(80, 'Mocktail Elderflower Fizz', 'mocktail', 62000.00, 'tersedia', 'Minuman segar dengan ekstrak bunga elderflower dan soda'),
	(81, 'Cabernet Sauvignon Reserve', 'wine', 250000.00, 'tersedia', 'Anggur merah berkualitas premium dengan rasa kaya'),
	(82, 'French 75 Cocktail', 'cocktail', 95000.00, 'tersedia', 'Campuran gin, champagne, lemon juice, dan gula'),
	(83, 'Champagne Rosé Brut', 'champagne', 380000.00, 'tersedia', 'Champagne rosé dengan rasa buah dan bunga'),
	(84, 'Air Mineral Spring Fresh', 'air mineral', 30000.00, 'tersedia', 'Air mineral segar dari mata air pegunungan'),
	(85, 'Gamberi al Limone', 'makanan pembuka', 140000.00, 'tersedia', 'Udang segar dengan saus lemon dan bawang putih'),
	(86, 'Duck Confit', 'hidangan utama', 320000.00, 'tersedia', 'Paha bebek yang dimasak perlahan dengan kulit renyah'),
	(87, 'Panna Cotta Mangga', 'makanan penutup', 75000.00, 'tersedia', 'Pudding krim dengan saus mangga segar'),
	(88, 'Kroket Keju Gouda', 'snack', 65000.00, 'tersedia', 'Kroket kentang isi keju Gouda yang meleleh'),
	(89, 'Cortado', 'kopi', 30000.00, 'tersedia', 'Espresso dengan sedikit susu panas'),
	(90, 'Teh Matcha Ceremonial', 'teh', 50000.00, 'tersedia', 'Teh hijau matcha premium untuk upacara teh'),
	(91, 'Jus Semangka Mint', 'jus', 48000.00, 'tersedia', 'Jus semangka segar dengan daun mint'),
	(92, 'Mocktail Passion Fruit', 'mocktail', 58000.00, 'tersedia', 'Minuman buah markisa dengan soda dan gula aren'),
	(93, 'Merlot Estate', 'wine', 230000.00, 'tersedia', 'Anggur merah berkualitas dari kebun anggur estate'),
	(94, 'Margarita Cocktail', 'cocktail', 85000.00, 'tersedia', 'Campuran tequila, triple sec, dan lime juice'),
	(95, 'Champagne Demi-Sec', 'champagne', 360000.00, 'tersedia', 'Champagne setengah manis dengan rasa seimbang'),
	(96, 'Air Mineral Premium Still', 'air mineral', 27000.00, 'tersedia', 'Air mineral tanpa gas dengan kualitas premium'),
	(97, 'Tartare Salmon', 'makanan pembuka', 130000.00, 'tersedia', 'Salmon segar cincang dengan bumbu khas dan roti panggang'),
	(98, 'Lamb Rack Rosemary', 'hidangan utama', 380000.00, 'tersedia', 'Iga domba panggang dengan bumbu rosemary dan saus mint'),
	(99, 'Mousse Dark Chocolate', 'makanan penutup', 85000.00, 'tersedia', 'Mousse cokelat hitam lembut dan pekat'),
	(100, 'Calamari Crispy', 'snack', 75000.00, 'tersedia', 'Cumi goreng renyah dengan saus aioli lemon');

-- Dumping structure for table restoran_mewah.table_pegawai
DROP TABLE IF EXISTS `table_pegawai`;
CREATE TABLE IF NOT EXISTS `table_pegawai` (
  `id_pegawai` int(11) NOT NULL AUTO_INCREMENT,
  `nama` varchar(100) NOT NULL,
  `nomor_telepon` varchar(20) NOT NULL,
  `email` varchar(100) NOT NULL,
  `alamat` varchar(255) NOT NULL,
  `tanggal_lahir` date NOT NULL,
  `jenis_kelamin` enum('laki-laki','perempuan') NOT NULL,
  `jabatan` enum('pelayan','kasir','koki','bartender','manager') NOT NULL,
  `tanggal_bergabung` date NOT NULL,
  `status_aktif` enum('aktif','nonaktif') NOT NULL,
  PRIMARY KEY (`id_pegawai`)
) ENGINE=InnoDB AUTO_INCREMENT=101 DEFAULT CHARSET=utf8mb4 COLLATE=utf8mb4_general_ci;

-- Dumping data for table restoran_mewah.table_pegawai: ~100 rows (approximately)
INSERT INTO `table_pegawai` (`id_pegawai`, `nama`, `nomor_telepon`, `email`, `alamat`, `tanggal_lahir`, `jenis_kelamin`, `jabatan`, `tanggal_bergabung`, `status_aktif`) VALUES
	(1, 'Vanya Aurora', '081234567801', 'vanya.aurora@grandluxe.id', 'Jl. Senopati Raya No. 21, Kebayoran Baru, Jakarta Selatan', '2000-01-20', 'perempuan', 'manager', '2021-11-15', 'aktif'),
	(2, 'Nara Aulia', '081234567802', 'nara.aulia@grandluxe.id', 'Jl. Gunawarman No. 17, Kebayoran Baru, Jakarta Selatan', '2005-02-12', 'perempuan', 'koki', '2022-06-01', 'aktif'),
	(3, 'Rena Adisty Lestari', '081234567803', 'rena.adisty@grandluxe.id', 'Jl. Dharmawangsa No. 11, Kebayoran Baru, Jakarta Selatan', '2000-03-14', 'perempuan', 'koki', '2021-12-03', 'aktif'),
	(4, 'Tasya Prameswari', '081234567804', 'tasya.rahmawati@grandluxe.id', 'Jl. Prapanca No. 22, Kebayoran Baru, Jakarta Selatan', '2005-04-18', 'perempuan', 'koki', '2022-09-15', 'aktif'),
	(5, 'Vera Anindita', '081234567805', 'vera.kusuma@grandluxe.id', 'Jl. Wolter Monginsidi No. 8, Kebayoran Baru, Jakarta Selatan', '1999-05-24', 'perempuan', 'bartender', '2022-02-20', 'aktif'),
	(6, 'Tania Adelia', '081234567806', 'tania.pratiwi@grandluxe.id', 'Jl. Senopati No. 5, SCBD, Jakarta Selatan', '2000-06-07', 'perempuan', 'bartender', '2022-03-18', 'aktif'),
	(7, 'Sandra Amelia', '081234567807', 'sandra.amelia@grandluxe.id', 'Jl. Iskandarsyah No. 10, Blok M, Jakarta Selatan', '1997-07-09', 'perempuan', 'kasir', '2022-07-10', 'aktif'),
	(8, 'Risa Kartika', '081234567808', 'risa.kartika@grandluxe.id', 'Jl. Wijaya IX No. 6, Kebayoran Baru, Jakarta Selatan', '1996-05-27', 'perempuan', 'kasir', '2023-01-12', 'aktif'),
	(9, 'Anggi Kusuma Dewi', '081234567809', 'anggi.kusuma@grandluxe.id', 'Jl. Gunawarman No. 30, Kebayoran Baru, Jakarta Selatan', '1991-09-14', 'perempuan', 'bartender', '2021-10-25', 'aktif'),
	(10, 'Indah Maharani', '081234567810', 'indah.maharani@grandluxe.id', 'Jl. Sisingamangaraja No. 15, Kebayoran Baru, Jakarta Selatan', '1999-08-11', 'perempuan', 'bartender', '2022-04-08', 'aktif'),
	(11, 'Nada Pramesti Anggraini', '081234567811', 'nada.anggraini@grandluxe.id', 'Jl. Dharmawangsa VIII No. 9, Kebayoran Baru, Jakarta Selatan', '1995-02-05', 'perempuan', 'koki', '2021-09-22', 'aktif'),
	(12, 'Tasya Meisya Harahap', '081234567812', 'tasya.harahap@grandluxe.id', 'Jl. Senopati No. 25, SCBD, Jakarta Selatan', '1996-10-02', 'perempuan', 'koki', '2022-12-04', 'aktif'),
	(13, 'Chelsea Anindya', '081234567813', 'chelsea.anindya@grandluxe.id', 'Jl. Patra Kuningan No. 14, Setiabudi, Jakarta Selatan', '1997-01-18', 'perempuan', 'koki', '2023-03-06', 'aktif'),
	(14, 'Airin Larasati Hapsari', '081234567814', 'airin.hapsari@grandluxe.id', 'Jl. Suryo No. 20, Kebayoran Baru, Jakarta Selatan', '1999-11-12', 'perempuan', 'koki', '2022-05-09', 'aktif'),
	(15, 'Clara Olivia Wulandari', '081234567815', 'clara.wulandari@grandluxe.id', 'Jl. Teuku Umar No. 8, Menteng, Jakarta Pusat', '2002-03-19', 'perempuan', 'kasir', '2023-04-18', 'aktif'),
	(16, 'Nadia Citra Amalia', '081234567816', 'nadia.amalia@grandluxe.id', 'Jl. SCBD Lot 8, Senayan, Jakarta Selatan', '1999-12-10', 'perempuan', 'pelayan', '2023-01-04', 'aktif'),
	(17, 'Sandra Angelica Wijaya', '081234567817', 'sandra.wijaya@grandluxe.id', 'Jl. Wijaya II No. 19, Kebayoran Baru, Jakarta Selatan', '1995-04-09', 'perempuan', 'kasir', '2021-10-02', 'aktif'),
	(18, 'Indri Syafira', '081234567818', 'indri.syafira@grandluxe.id', 'Jl. H. R. Rasuna Said No. 45, Kuningan, Jakarta Selatan', '1999-07-23', 'perempuan', 'pelayan', '2022-09-11', 'aktif'),
	(19, 'Widi Ananda', '081234567819', 'widi.ananda@grandluxe.id', 'Jl. Senopati No. 19, Kebayoran Baru, Jakarta Selatan', '1998-06-14', 'perempuan', 'pelayan', '2022-03-29', 'aktif'),
	(20, 'Mila Ayuningtyas', '081234567820', 'mila.ayuningtyas@grandluxe.id', 'Jl. Pakubuwono VI No. 7, Kebayoran Baru, Jakarta Selatan', '1999-04-30', 'perempuan', 'pelayan', '2023-06-18', 'aktif'),
	(21, 'Stella Veronica Tania', '081234567821', 'stella.veronica@grandluxe.id', 'Jl. Patimura No. 10, Kebayoran Baru, Jakarta Selatan', '1993-02-07', 'perempuan', 'bartender', '2021-12-19', 'aktif'),
	(22, 'Anita Laras', '081234567822', 'anita.laras@grandluxe.id', 'Jl. Senopati No. 33, Kebayoran Baru, Jakarta Selatan', '1998-05-20', 'perempuan', 'bartender', '2022-07-25', 'aktif'),
	(23, 'Miranda Felicia Sari', '081234567823', 'miranda.sari@grandluxe.id', 'Jl. Gatot Subroto No. 45, Setiabudi, Jakarta Selatan', '1995-10-08', 'perempuan', 'koki', '2021-11-07', 'aktif'),
	(24, 'Bella Paramitha Anjani', '081234567824', 'bella.anjani@grandluxe.id', 'Jl. Dharmawangsa IV No. 2, Kebayoran Baru, Jakarta Selatan', '2005-06-02', 'perempuan', 'koki', '2023-02-19', 'aktif'),
	(25, 'Astrid Melani', '081234567825', 'astrid.melani@grandluxe.id', 'Jl. Gunawarman No. 28, Kebayoran Baru, Jakarta Selatan', '1999-09-03', 'perempuan', 'pelayan', '2023-03-12', 'aktif'),
	(26, 'Yolanda Nathania', '081234567826', 'yolanda.nathania@grandluxe.id', 'Jl. Senopati No. 12, SCBD, Jakarta Selatan', '2000-08-25', 'perempuan', 'pelayan', '2022-11-21', 'aktif'),
	(27, 'Cynthia Maharani', '081234567827', 'cynthia.maharani@grandluxe.id', 'Jl. Pakubuwono VII No. 10, Kebayoran Baru, Jakarta Selatan', '1998-07-19', 'perempuan', 'pelayan', '2022-08-14', 'aktif'),
	(28, 'Evelyn Adinda Prameswari', '081234567828', 'evelyn.prameswari@grandluxe.id', 'Jl. Gunawarman No. 40, Kebayoran Baru, Jakarta Selatan', '2001-02-28', 'perempuan', 'pelayan', '2023-03-07', 'aktif'),
	(29, 'Felicia Anggun Lestari', '081234567829', 'felicia.lestari@grandluxe.id', 'Jl. Senopati No. 18, SCBD, Jakarta Selatan', '1999-09-15', 'perempuan', 'pelayan', '2022-10-19', 'aktif'),
	(30, 'Mikaela Febriani', '081234567830', 'mikaela.febriani@grandluxe.id', 'Jl. Dharmawangsa X No. 3, Kebayoran Baru, Jakarta Selatan', '1997-03-03', 'perempuan', 'pelayan', '2021-12-05', 'aktif'),
	(31, 'Olivia Rahmadani', '081234567831', 'olivia.rahmadani@grandluxe.id', 'Jl. Sisingamangaraja No. 29, Kebayoran Baru, Jakarta Selatan', '2000-06-22', 'perempuan', 'pelayan', '2022-11-10', 'aktif'),
	(32, 'Sabrina Almeira', '081234567832', 'sabrina.almeira@grandluxe.id', 'Jl. Wolter Monginsidi No. 25, Kebayoran Baru, Jakarta Selatan', '1998-11-05', 'perempuan', 'pelayan', '2022-04-27', 'aktif'),
	(33, 'Carissa Melati Pradipta', '081234567833', 'carissa.pradipta@grandluxe.id', 'Jl. Senopati No. 15, SCBD, Jakarta Selatan', '2001-08-12', 'perempuan', 'pelayan', '2023-01-23', 'aktif'),
	(34, 'Deandra Citra Amadea', '081234567834', 'deandra.amadea@grandluxe.id', 'Jl. Pakubuwono VI No. 15, Kebayoran Baru, Jakarta Selatan', '1996-12-17', 'perempuan', 'pelayan', '2021-09-18', 'aktif'),
	(35, 'Viona Anggia Salsabila', '081234567835', 'viona.salsabila@grandluxe.id', 'Jl. H. R. Rasuna Said No. 21, Kuningan, Jakarta Selatan', '1997-02-08', 'perempuan', 'kasir', '2021-11-04', 'aktif'),
	(36, 'Livia Amanda', '081234567836', 'livia.amanda@grandluxe.id', 'Jl. Dharmawangsa Raya No. 19, Kebayoran Baru, Jakarta Selatan', '1998-04-21', 'perempuan', 'kasir', '2022-05-22', 'aktif'),
	(37, 'Martha Felina Wijaya', '081234567837', 'martha.wijaya@grandluxe.id', 'Jl. Gunawarman No. 45, Kebayoran Baru, Jakarta Selatan', '1995-06-13', 'perempuan', 'kasir', '2021-08-09', 'aktif'),
	(38, 'Selina Aurelia Tania', '081234567838', 'selina.tania@grandluxe.id', 'Jl. Prapanca Raya No. 11, Kebayoran Baru, Jakarta Selatan', '1999-10-29', 'perempuan', 'kasir', '2022-07-16', 'aktif'),
	(39, 'Kezia Amalia Ramadhani', '081234567839', 'kezia.ramadhani@grandluxe.id', 'Jl. Senopati No. 24, SCBD, Jakarta Selatan', '1996-11-11', 'perempuan', 'koki', '2021-10-03', 'aktif'),
	(40, 'Nathania Fadila', '081234567840', 'nathania.fadila@grandluxe.id', 'Jl. Wolter Monginsidi No. 31, Kebayoran Baru, Jakarta Selatan', '1994-07-09', 'perempuan', 'koki', '2021-07-19', 'aktif'),
	(41, 'Gabriella Indriani', '081234567841', 'gabriella.indriani@grandluxe.id', 'Jl. Dharmawangsa XI No. 8, Kebayoran Baru, Jakarta Selatan', '1998-03-27', 'perempuan', 'koki', '2022-03-14', 'aktif'),
	(42, 'Clarissa Novianti', '081234567842', 'clarissa.novianti@grandluxe.id', 'Jl. Gunawarman No. 50, Kebayoran Baru, Jakarta Selatan', '2000-12-15', 'perempuan', 'koki', '2023-02-01', 'aktif'),
	(43, 'Amanda Salsabila Zahra', '081234567843', 'amanda.zahra@grandluxe.id', 'Jl. Pakubuwono X No. 9, Kebayoran Baru, Jakarta Selatan', '1997-01-25', 'perempuan', 'koki', '2021-09-29', 'aktif'),
	(44, 'Rania Ayu Prameswari', '081234567844', 'rania.prameswari@grandluxe.id', 'Jl. SCBD Lot 10, Senayan, Jakarta Selatan', '1999-09-09', 'perempuan', 'koki', '2022-12-22', 'aktif'),
	(45, 'Stephanie Alodia', '081234567845', 'stephanie.alodia@grandluxe.id', 'Jl. Patra Kuningan No. 20, Setiabudi, Jakarta Selatan', '1996-05-05', 'perempuan', 'bartender', '2021-10-17', 'nonaktif'),
	(46, 'Michelle Andini Kusuma', '081234567846', 'michelle.kusuma@grandluxe.id', 'Jl. Senopati No. 11, SCBD, Jakarta Selatan', '1998-11-19', 'perempuan', 'bartender', '2022-05-28', 'nonaktif'),
	(47, 'Caroline Vania Maheswari', '081234567847', 'caroline.maheswari@grandluxe.id', 'Jl. Suryo No. 7, Kebayoran Baru, Jakarta Selatan', '1995-09-03', 'perempuan', 'bartender', '2021-12-12', 'nonaktif'),
	(48, 'Lydia Prameswari', '081234567848', 'lydia.prameswari@grandluxe.id', 'Jl. Prapanca No. 5, Kebayoran Baru, Jakarta Selatan', '1997-06-14', 'perempuan', 'bartender', '2022-09-03', 'nonaktif'),
	(49, 'Elvina Rahmawati', '081234567849', 'elvina.rahmawati@grandluxe.id', 'Jl. Senopati No. 38, SCBD, Jakarta Selatan', '1999-02-23', 'perempuan', 'bartender', '2023-04-10', 'nonaktif'),
	(50, 'Jessica Amadea Santoso', '081234567850', 'jessica.santoso@grandluxe.id', 'Jl. Gunawarman No. 27, Kebayoran Baru, Jakarta Selatan', '1998-08-07', 'perempuan', 'bartender', '2022-01-29', 'nonaktif'),
	(51, 'Adrian Pratama', '081234567851', 'adrian.pratama@grandluxe.id', 'Jl. Senopati No. 45, Kebayoran Baru, Jakarta Selatan', '1995-03-12', 'laki-laki', 'koki', '2021-09-22', 'aktif'),
	(52, 'Rafi Nugraha', '081234567852', 'rafi.nugraha@grandluxe.id', 'Jl. Gunawarman No. 29, Kebayoran Baru, Jakarta Selatan', '1998-07-08', 'laki-laki', 'koki', '2022-05-11', 'aktif'),
	(53, 'Jonathan Aditya', '081234567853', 'jonathan.aditya@grandluxe.id', 'Jl. Dharmawangsa VIII No. 10, Kebayoran Baru, Jakarta Selatan', '1996-11-25', 'laki-laki', 'koki', '2021-12-14', 'aktif'),
	(54, 'Kevin Santoso', '081234567854', 'kevin.santoso@grandluxe.id', 'Jl. Prapanca Raya No. 17, Kebayoran Baru, Jakarta Selatan', '1999-02-14', 'laki-laki', 'koki', '2022-08-03', 'aktif'),
	(55, 'Rayhan Putra', '081234567855', 'rayhan.putra@grandluxe.id', 'Jl. Wolter Monginsidi No. 32, Kebayoran Baru, Jakarta Selatan', '2001-06-19', 'laki-laki', 'koki', '2023-01-18', 'aktif'),
	(56, 'Fahriansyah Akbar', '081234567856', 'fahri.akbar@grandluxe.id', 'Jl. SCBD Lot 9, Senayan, Jakarta Selatan', '1994-09-03', 'laki-laki', 'koki', '2021-07-29', 'aktif'),
	(57, 'Reynard Wijaya', '081234567857', 'reynard.wijaya@grandluxe.id', 'Jl. Gunawarman No. 38, Kebayoran Baru, Jakarta Selatan', '1998-04-17', 'laki-laki', 'koki', '2022-03-21', 'aktif'),
	(58, 'Andra Mahendra', '081234567858', 'andra.mahendra@grandluxe.id', 'Jl. Pakubuwono VI No. 18, Kebayoran Baru, Jakarta Selatan', '1997-08-26', 'laki-laki', 'koki', '2022-11-09', 'aktif'),
	(59, 'Davin Prasetyo', '081234567859', 'davin.prasetyo@grandluxe.id', 'Jl. Suryo No. 12, Kebayoran Baru, Jakarta Selatan', '1995-12-11', 'laki-laki', 'koki', '2021-10-06', 'aktif'),
	(60, 'Rizky Hartono', '081234567860', 'rizky.hartono@grandluxe.id', 'Jl. Dharmawangsa No. 33, Kebayoran Baru, Jakarta Selatan', '2000-01-22', 'laki-laki', 'koki', '2023-02-15', 'aktif'),
	(61, 'Nathaniel Surya', '081234567861', 'nathaniel.surya@grandluxe.id', 'Jl. Senopati No. 14, SCBD, Jakarta Selatan', '1996-05-06', 'laki-laki', 'koki', '2022-09-28', 'aktif'),
	(62, 'Bima Adyatama', '081234567862', 'bima.adyatama@grandluxe.id', 'Jl. Gunawarman No. 26, Kebayoran Baru, Jakarta Selatan', '1999-09-30', 'laki-laki', 'koki', '2022-06-19', 'aktif'),
	(63, 'Andres Prakoso', '081234567863', 'andres.prakoso@grandluxe.id', 'Jl. SCBD Lot 7, Senayan, Jakarta Selatan', '1997-10-12', 'laki-laki', 'bartender', '2022-03-17', 'aktif'),
	(64, 'Darren Sutanto', '081234567864', 'darren.sutanto@grandluxe.id', 'Jl. Senopati No. 35, Kebayoran Baru, Jakarta Selatan', '1998-12-04', 'laki-laki', 'bartender', '2022-11-25', 'aktif'),
	(65, 'William Hendra', '081234567865', 'william.hendra@grandluxe.id', 'Jl. Wolter Monginsidi No. 19, Kebayoran Baru, Jakarta Selatan', '1996-03-29', 'laki-laki', 'bartender', '2021-08-09', 'aktif'),
	(66, 'Rico Pranata', '081234567866', 'rico.pranata@grandluxe.id', 'Jl. Gunawarman No. 10, Kebayoran Baru, Jakarta Selatan', '1999-07-21', 'laki-laki', 'bartender', '2022-07-18', 'aktif'),
	(67, 'Felix Adriansyah', '081234567867', 'felix.adriansyah@grandluxe.id', 'Jl. Pakubuwono IX No. 5, Kebayoran Baru, Jakarta Selatan', '1997-02-25', 'laki-laki', 'bartender', '2021-10-03', 'aktif'),
	(68, 'Jason Mahendra', '081234567868', 'jason.mahendra@grandluxe.id', 'Jl. Senopati No. 9, Kebayoran Baru, Jakarta Selatan', '1998-05-15', 'laki-laki', 'bartender', '2023-03-02', 'aktif'),
	(69, 'Fajar Rizaldi', '081234567869', 'fajar.rizaldi@grandluxe.id', 'Jl. Sisingamangaraja No. 19, Kebayoran Baru, Jakarta Selatan', '1995-11-11', 'laki-laki', 'bartender', '2021-12-21', 'aktif'),
	(70, 'Leonardo Halim', '081234567870', 'leonardo.halim@grandluxe.id', 'Jl. Patra Kuningan No. 9, Setiabudi, Jakarta Selatan', '1996-09-09', 'laki-laki', 'bartender', '2022-09-01', 'aktif'),
	(71, 'Andika Kusnadi', '081234567871', 'andika.kusnadi@grandluxe.id', 'Jl. SCBD Lot 11, Senayan, Jakarta Selatan', '1994-06-17', 'laki-laki', 'bartender', '2021-11-09', 'aktif'),
	(72, 'Randy Wirawan', '081234567872', 'randy.wirawan@grandluxe.id', 'Jl. Gunawarman No. 21, Kebayoran Baru, Jakarta Selatan', '1998-03-23', 'laki-laki', 'bartender', '2023-01-15', 'aktif'),
	(73, 'Tobias Alexander', '081234567873', 'tobias.alexander@grandluxe.id', 'Jl. Wolter Monginsidi No. 15, Kebayoran Baru, Jakarta Selatan', '1997-12-08', 'laki-laki', 'bartender', '2022-06-26', 'aktif'),
	(74, 'Dimas Wardana', '081234567874', 'dimas.wardana@grandluxe.id', 'Jl. Pakubuwono X No. 8, Kebayoran Baru, Jakarta Selatan', '1999-01-04', 'laki-laki', 'bartender', '2022-10-19', 'aktif'),
	(75, 'Arka Wijanarko', '081234567875', 'arka.wijanarko@grandluxe.id', 'Jl. Dharmawangsa Raya No. 15, Kebayoran Baru, Jakarta Selatan', '1996-11-16', 'laki-laki', 'kasir', '2021-08-25', 'aktif'),
	(76, 'Hendrik Prakoso', '081234567876', 'hendrik.prakoso@grandluxe.id', 'Jl. Gunawarman No. 50, Kebayoran Baru, Jakarta Selatan', '1997-04-14', 'laki-laki', 'kasir', '2022-02-07', 'aktif'),
	(77, 'Reno Fadillah', '081234567877', 'reno.fadillah@grandluxe.id', 'Jl. Senopati No. 27, Kebayoran Baru, Jakarta Selatan', '1998-09-19', 'laki-laki', 'kasir', '2022-07-11', 'aktif'),
	(78, 'Yusuf Ardiansyah', '081234567878', 'yusuf.ardiansyah@grandluxe.id', 'Jl. Pakubuwono VII No. 13, Kebayoran Baru, Jakarta Selatan', '1995-05-02', 'laki-laki', 'kasir', '2021-10-12', 'aktif'),
	(79, 'Rama Nugroho', '081234567879', 'rama.nugroho@grandluxe.id', 'Jl. SCBD Lot 10, Senayan, Jakarta Selatan', '1999-12-09', 'laki-laki', 'kasir', '2023-03-21', 'aktif'),
	(80, 'Eko Pratama', '081234567880', 'eko.pratama@grandluxe.id', 'Jl. Suryo No. 11, Kebayoran Baru, Jakarta Selatan', '1996-02-22', 'laki-laki', 'kasir', '2022-05-08', 'aktif'),
	(81, 'Tegar Rahmadi', '081234567881', 'tegar.rahmadi@grandluxe.id', 'Jl. Wolter Monginsidi No. 37, Kebayoran Baru, Jakarta Selatan', '1997-08-11', 'laki-laki', 'kasir', '2022-10-28', 'aktif'),
	(82, 'Ivan Hidayat', '081234567882', 'ivan.hidayat@grandluxe.id', 'Jl. Patimura No. 7, Kebayoran Baru, Jakarta Selatan', '1995-06-30', 'laki-laki', 'kasir', '2021-09-07', 'aktif'),
	(83, 'Stevan Halomoan', '081234567883', 'stevan.halomoan@grandluxe.id', 'Jl. Gunawarman No. 43, Kebayoran Baru, Jakarta Selatan', '1998-05-28', 'laki-laki', 'kasir', '2023-01-22', 'aktif'),
	(84, 'Dio Yudhistira', '081234567884', 'dio.yudhistira@grandluxe.id', 'Jl. Senopati No. 23, SCBD, Jakarta Selatan', '2000-10-18', 'laki-laki', 'kasir', '2023-04-16', 'aktif'),
	(85, 'Rizal Santika', '081234567885', 'rizal.santika@grandluxe.id', 'Jl. SCBD Lot 12, Senayan, Jakarta Selatan', '1997-03-12', 'laki-laki', 'pelayan', '2022-06-23', 'aktif'),
	(86, 'Alif Saputra', '081234567886', 'alif.saputra@grandluxe.id', 'Jl. Wolter Monginsidi No. 13, Kebayoran Baru, Jakarta Selatan', '2001-01-25', 'laki-laki', 'pelayan', '2023-03-14', 'aktif'),
	(87, 'Bagas Rahadian', '081234567887', 'bagas.rahadian@grandluxe.id', 'Jl. Gunawarman No. 24, Kebayoran Baru, Jakarta Selatan', '1998-07-20', 'laki-laki', 'pelayan', '2022-07-18', 'aktif'),
	(88, 'Ilham Prakoso', '081234567888', 'ilham.prakoso@grandluxe.id', 'Jl. Pakubuwono IX No. 12, Kebayoran Baru, Jakarta Selatan', '1999-04-04', 'laki-laki', 'pelayan', '2022-11-02', 'aktif'),
	(89, 'Darren Satrio', '081234567889', 'darren.satrio@grandluxe.id', 'Jl. Dharmawangsa Raya No. 20, Kebayoran Baru, Jakarta Selatan', '1996-09-08', 'laki-laki', 'pelayan', '2021-10-24', 'aktif'),
	(90, 'Reza Irawan', '081234567890', 'reza.irawan@grandluxe.id', 'Jl. Senopati No. 19, Kebayoran Baru, Jakarta Selatan', '1997-02-15', 'laki-laki', 'pelayan', '2021-09-11', 'aktif'),
	(91, 'Dhani Saputra', '081234567891', 'dhani.saputra@grandluxe.id', 'Jl. SCBD Lot 14, Senayan, Jakarta Selatan', '1998-10-10', 'laki-laki', 'pelayan', '2022-04-06', 'aktif'),
	(92, 'Krisna Aditya', '081234567892', 'krisna.aditya@grandluxe.id', 'Jl. Gunawarman No. 47, Kebayoran Baru, Jakarta Selatan', '1999-05-13', 'laki-laki', 'pelayan', '2022-12-25', 'aktif'),
	(93, 'Fikri Rahman', '081234567893', 'fikri.rahman@grandluxe.id', 'Jl. Prapanca Raya No. 19, Kebayoran Baru, Jakarta Selatan', '2000-09-29', 'laki-laki', 'pelayan', '2023-02-05', 'aktif'),
	(94, 'Naufal Ridwan', '081234567894', 'naufal.ridwan@grandluxe.id', 'Jl. Dharmawangsa IX No. 6, Kebayoran Baru, Jakarta Selatan', '1998-11-20', 'laki-laki', 'pelayan', '2022-10-09', 'nonaktif'),
	(95, 'Riyan Haryanto', '081234567895', 'riyan.haryanto@grandluxe.id', 'Jl. Suryo No. 5, Kebayoran Baru, Jakarta Selatan', '1997-06-16', 'laki-laki', 'pelayan', '2021-08-30', 'nonaktif'),
	(96, 'Agung Setiawan', '081234567896', 'agung.setiawan@grandluxe.id', 'Jl. SCBD Lot 15, Senayan, Jakarta Selatan', '1996-07-05', 'laki-laki', 'pelayan', '2021-12-18', 'nonaktif'),
	(97, 'Fahmi Rachman', '081234567897', 'fahmi.rachman@grandluxe.id', 'Jl. Gunawarman No. 42, Kebayoran Baru, Jakarta Selatan', '1999-12-07', 'laki-laki', 'pelayan', '2022-06-30', 'nonaktif'),
	(98, 'Anwar Putra', '081234567898', 'anwar.putra@grandluxe.id', 'Jl. Senopati No. 28, Kebayoran Baru, Jakarta Selatan', '1998-03-25', 'laki-laki', 'pelayan', '2022-08-22', 'nonaktif'),
	(99, 'Aarif Rahmaan', '081234567899', 'aarif.rahmaan@grandluxe.id', 'Jl. Dharmawangsa X No. 11, Kebayoran Baru, Jakarta Selatan', '1995-09-11', 'laki-laki', 'bartender', '2021-09-19', 'nonaktif'),
	(100, 'Jalaluddin Faqiih', '081234567900', 'jalaluddin.faqiih@grandluxe.id', 'Jl. Gunawarman No. 33, Kebayoran Baru, Jakarta Selatan', '1997-09-13', 'laki-laki', 'koki', '2021-11-03', 'nonaktif');

-- Dumping structure for table restoran_mewah.table_pelanggan
DROP TABLE IF EXISTS `table_pelanggan`;
CREATE TABLE IF NOT EXISTS `table_pelanggan` (
  `id_pelanggan` int(11) NOT NULL AUTO_INCREMENT,
  `nama_lengkap` varchar(100) NOT NULL,
  `nomor_telepon` varchar(20) NOT NULL,
  `email` varchar(100) NOT NULL,
  `alamat` varchar(255) DEFAULT NULL,
  `tanggal_daftar` date NOT NULL,
  `status_loyalitas` enum('reguler','loyal','VIP') NOT NULL,
  PRIMARY KEY (`id_pelanggan`)
) ENGINE=InnoDB AUTO_INCREMENT=101 DEFAULT CHARSET=utf8mb4 COLLATE=utf8mb4_general_ci;

-- Dumping data for table restoran_mewah.table_pelanggan: ~100 rows (approximately)
INSERT INTO `table_pelanggan` (`id_pelanggan`, `nama_lengkap`, `nomor_telepon`, `email`, `alamat`, `tanggal_daftar`, `status_loyalitas`) VALUES
	(1, 'Alexander Pradipta', '081200100001', 'alex.pradipta@email.com', 'Jl. Gatot Subroto No.45, Jakarta Selatan', '2000-01-22', 'reguler'),
	(2, 'Clara Wijayanti', '081200100002', 'clara.wijayanti@email.com', 'Jl. Diponegoro No.12, Bandung', '2002-03-15', 'reguler'),
	(3, 'Jonathan Halim', '081200100003', 'jonathan.halim@email.com', 'Jl. Ahmad Yani No.7, Surabaya', '2003-08-02', 'reguler'),
	(4, 'Melissa Tan', '081200100004', 'melissa.tan@email.com', 'Jl. Pemuda No.56, Medan', '2004-05-19', 'loyal'),
	(5, 'Christian Gunawan', '081200100005', 'christian.gunawan@email.com', 'Jl. Asia Afrika No.88, Jakarta Pusat', '2005-10-01', 'reguler'),
	(6, 'Gabriella Santoso', '081200100006', 'gabriella.santoso@email.com', 'Jl. Braga No.33, Bandung', '2007-01-09', 'reguler'),
	(7, 'Rafael Nugroho', '081200100007', 'rafael.nugroho@email.com', 'Jl. Kertajaya No.21, Surabaya', '2009-04-27', 'loyal'),
	(8, 'Jessica Natalia', '081200100008', 'jessica.natalia@email.com', 'Jl. Imam Bonjol No.19, Denpasar', '2010-06-12', 'VIP'),
	(9, 'Michael Susanto', '081200100009', 'michael.susanto@email.com', 'Jl. Thamrin No.11, Jakarta Pusat', '2011-09-03', 'reguler'),
	(10, 'Evelyn Hartono', '081200100010', 'evelyn.hartono@email.com', 'Jl. Pahlawan No.78, Semarang', '2013-01-25', 'loyal'),
	(11, 'William Setiawan', '081200100011', 'william.setiawan@email.com', 'Jl. Adisucipto No.67, Yogyakarta', '2014-07-09', 'VIP'),
	(12, 'Felicia Kusuma', '081200100012', 'felicia.kusuma@email.com', 'Jl. H.R. Rasuna Said No.22, Jakarta Selatan', '2015-11-30', 'reguler'),
	(13, 'Bryan Wijaya', '081200100013', 'bryan.wijaya@email.com', 'Jl. Pandanaran No.54, Semarang', '2016-04-16', 'reguler'),
	(14, 'Catherine Liem', '081200100014', 'catherine.liem@email.com', 'Jl. Cik Ditiro No.9, Bandung', '2017-08-28', 'loyal'),
	(15, 'Vincent Prakoso', '081200100015', 'vincent.prakoso@email.com', 'Jl. Boulevard No.25, Manado', '2018-02-10', 'VIP'),
	(16, 'Alicia Sutanto', '081200100016', 'alicia.sutanto@email.com', 'Jl. Veteran No.101, Surabaya', '2019-06-21', 'reguler'),
	(17, 'Leonardo Dharmawan', '081200100017', 'leonardo.dharmawan@email.com', 'Jl. Tunjungan No.15, Surabaya', '2020-09-04', 'loyal'),
	(18, 'Stephanie Ong', '081200100018', 'stephanie.ong@email.com', 'Jl. Ciumbuleuit No.99, Bandung', '2021-11-19', 'reguler'),
	(19, 'Nathaniel Chandra', '081200100019', 'nathaniel.chandra@email.com', 'Jl. Casablanca No.8, Jakarta Timur', '2023-03-05', 'VIP'),
	(20, 'Isabella Anggraini', '081200100020', 'isabella.anggraini@email.com', 'Jl. Gatot Subroto No.2, Jakarta Selatan', '2024-06-13', 'loyal'),
	(21, 'Julian Wiranata', '081200100021', 'julian.wiranata@email.com', 'Jl. Pangeran Antasari No.18, Jakarta Selatan', '2024-07-04', 'reguler'),
	(22, 'Cindy Marlina', '081200100022', 'cindy.marlina@email.com', 'Jl. Setiabudi No.34, Bandung', '2024-07-28', 'reguler'),
	(23, 'Adrian Lesmana', '081200100023', 'adrian.lesmana@email.com', 'Jl. Panglima Polim No.7, Jakarta Selatan', '2024-08-12', 'loyal'),
	(24, 'Mikaela Putri', '081200100024', 'mikaela.putri@email.com', 'Jl. Basuki Rahmat No.29, Surabaya', '2024-08-30', 'VIP'),
	(25, 'Nicholas Hartawan', '081200100025', 'nicholas.hartawan@email.com', 'Jl. Ahmad Dahlan No.15, Yogyakarta', '2024-09-21', 'loyal'),
	(26, 'Regina Claudia', '081200100026', 'regina.claudia@email.com', 'Jl. Raden Saleh No.41, Jakarta Pusat', '2024-10-10', 'reguler'),
	(27, 'Steven Kusnadi', '081200100027', 'steven.kusnadi@email.com', 'Jl. Veteran No.78, Surabaya', '2024-11-05', 'loyal'),
	(28, 'Olivia Wijono', '081200100028', 'olivia.wijono@email.com', 'Jl. Braga No.22, Bandung', '2024-11-29', 'reguler'),
	(29, 'Daniel Fernando', '081200100029', 'daniel.fernando@email.com', 'Jl. Gajah Mada No.20, Jakarta Barat', '2024-12-18', 'VIP'),
	(30, 'Valerie Natalia', '081200100030', 'valerie.natalia@email.com', 'Jl. Diponegoro No.55, Semarang', '2025-01-05', 'reguler'),
	(31, 'Christopher Yudha', '081200100031', 'christopher.yudha@email.com', 'Jl. Darmo No.17, Surabaya', '2025-01-27', 'loyal'),
	(32, 'Michelle Anggoro', '081200100032', 'michelle.anggoro@email.com', 'Jl. Merdeka No.10, Medan', '2025-02-14', 'reguler'),
	(33, 'Oscar Wijanarko', '081200100033', 'oscar.wijanarko@email.com', 'Jl. Asia Afrika No.23, Jakarta Pusat', '2025-03-02', 'VIP'),
	(34, 'Patricia Gunadi', '081200100034', 'patricia.gunadi@email.com', 'Jl. Pandeglang No.31, Tangerang', '2025-03-22', 'loyal'),
	(35, 'Harold Saputra', '081200100035', 'harold.saputra@email.com', 'Jl. Sudirman No.40, Pekanbaru', '2025-04-09', 'reguler'),
	(36, 'Theresia Kartika', '081200100036', 'theresia.kartika@email.com', 'Jl. Imam Bonjol No.61, Denpasar', '2025-04-30', 'VIP'),
	(37, 'Gabriel Lie', '081200100037', 'gabriel.lie@email.com', 'Jl. Mayjen Sutoyo No.77, Malang', '2025-05-20', 'reguler'),
	(38, 'Cassandra Theodora', '081200100038', 'cassandra.theodora@email.com', 'Jl. Cik Ditiro No.11, Bandung', '2025-06-11', 'loyal'),
	(39, 'Nathan Gunarto', '081200100039', 'nathan.gunarto@email.com', 'Jl. HR. Rasuna Said No.19, Jakarta Selatan', '2025-07-03', 'reguler'),
	(40, 'Angelina Fransisca', '081200100040', 'angelina.fransisca@email.com', 'Jl. Veteran No.27, Surabaya', '2025-08-01', 'VIP'),
	(41, 'Felicia Nathania', '081200100041', 'felicia.nathania@email.com', 'Jl. Gatot Subroto No.18, Jakarta Selatan', '2025-09-06', 'reguler'),
	(42, 'William Prakoso', '081200100042', 'william.prakoso@email.com', 'Jl. Pasir Kaliki No.14, Bandung', '2025-09-25', 'loyal'),
	(43, 'Clarissa Utami', '081200100043', 'clarissa.utami@email.com', 'Jl. MT Haryono No.19, Surabaya', '2025-10-09', 'VIP'),
	(44, 'Jonathan Alamsyah', '081200100044', 'jonathan.alamsyah@email.com', 'Jl. Kertajaya No.22, Surabaya', '2025-10-28', 'reguler'),
	(45, 'Veronika Halim', '081200100045', 'veronika.halim@email.com', 'Jl. Dr. Mansyur No.45, Medan', '2025-11-14', 'loyal'),
	(46, 'Leonard Wijaya', '081200100046', 'leonard.wijaya@email.com', 'Jl. Hayam Wuruk No.30, Jakarta Barat', '2025-12-01', 'reguler'),
	(47, 'Nathalie Kusumo', '081200100047', 'nathalie.kusumo@email.com', 'Jl. Adi Sucipto No.11, Yogyakarta', '2025-12-24', 'loyal'),
	(48, 'Samuel Tirtayasa', '081200100048', 'samuel.tirtayasa@email.com', 'Jl. Asia Afrika No.9, Bandung', '2026-01-10', 'VIP'),
	(49, 'Fransisca Dewanti', '081200100049', 'fransisca.dewanti@email.com', 'Jl. Jend. Sudirman No.77, Denpasar', '2026-02-03', 'reguler'),
	(50, 'Bryan Adhitama', '081200100050', 'bryan.adhitama@email.com', 'Jl. Pemuda No.15, Semarang', '2026-02-27', 'loyal'),
	(51, 'Catherine Lestari', '081200100051', 'catherine.lestari@email.com', 'Jl. Merdeka No.42, Balikpapan', '2026-03-14', 'VIP'),
	(52, 'Adinda Ratnasari', '081200100052', 'adinda.ratnasari@email.com', 'Jl. Letjen Suprapto No.21, Palembang', '2026-03-31', 'reguler'),
	(53, 'Kevin Hartanto', '081200100053', 'kevin.hartanto@email.com', 'Jl. Thamrin No.60, Jakarta Pusat', '2026-04-19', 'loyal'),
	(54, 'Melinda Santoso', '081200100054', 'melinda.santoso@email.com', 'Jl. Setiabudi No.55, Bandung', '2026-05-09', 'reguler'),
	(55, 'Richard Siregar', '081200100055', 'richard.siregar@email.com', 'Jl. Iskandar Muda No.20, Medan', '2026-05-28', 'VIP'),
	(56, 'Priscilla Gunawan', '081200100056', 'priscilla.gunawan@email.com', 'Jl. Pemuda No.70, Surabaya', '2026-06-15', 'loyal'),
	(57, 'Stefanus Halomoan', '081200100057', 'stefanus.halomoan@email.com', 'Jl. Sudirman No.9, Pekanbaru', '2026-07-05', 'reguler'),
	(58, 'Jessica Natalia', '081200100058', 'jessica.natalia@email.com', 'Jl. Imam Bonjol No.37, Denpasar', '2026-07-27', 'loyal'),
	(59, 'Darren Limantara', '081200100059', 'darren.limantara@email.com', 'Jl. Diponegoro No.25, Surakarta', '2026-08-14', 'VIP'),
	(60, 'Evelyn Wijayanti', '081200100060', 'evelyn.wijayanti@email.com', 'Jl. Gajah Mada No.50, Jakarta Barat', '2026-09-03', 'reguler'),
	(61, 'Michael Santana', '081200100061', 'michael.santana@email.com', 'Jl. Diponegoro No.33, Bandung', '2026-10-01', 'reguler'),
	(62, 'Gloria Handayani', '081200100062', 'gloria.handayani@email.com', 'Jl. Pahlawan No.27, Surabaya', '2026-10-22', 'loyal'),
	(63, 'Christian Halim', '081200100063', 'christian.halim@email.com', 'Jl. Melati No.9, Jakarta Utara', '2026-11-08', 'VIP'),
	(64, 'Anindya Prameswari', '081200100064', 'anindya.prameswari@email.com', 'Jl. Cihampelas No.40, Bandung', '2026-11-30', 'reguler'),
	(65, 'Raymond Kusnadi', '081200100065', 'raymond.kusnadi@email.com', 'Jl. Gadjah Mada No.13, Semarang', '2026-12-17', 'loyal'),
	(66, 'Caroline Simanjuntak', '081200100066', 'caroline.simanjuntak@email.com', 'Jl. Jenderal Sudirman No.55, Medan', '2027-01-04', 'VIP'),
	(67, 'Yohanes Sutanto', '081200100067', 'yohanes.sutanto@email.com', 'Jl. Kapten Pattimura No.23, Malang', '2027-01-27', 'reguler'),
	(68, 'Selina Wijaya', '081200100068', 'selina.wijaya@email.com', 'Jl. Ahmad Yani No.11, Balikpapan', '2027-02-10', 'loyal'),
	(69, 'Dimas Prakoso', '081200100069', 'dimas.prakoso@email.com', 'Jl. Sisingamangaraja No.9, Yogyakarta', '2027-03-02', 'reguler'),
	(70, 'Tiffany Hartono', '081200100070', 'tiffany.hartono@email.com', 'Jl. Dr. Sutomo No.48, Denpasar', '2027-03-23', 'VIP'),
	(71, 'Rafael Setiawan', '081200100071', 'rafael.setiawan@email.com', 'Jl. Gatot Subroto No.20, Jakarta Selatan', '2027-04-06', 'loyal'),
	(72, 'Clara Anggraeni', '081200100072', 'clara.anggraeni@email.com', 'Jl. Majapahit No.8, Surabaya', '2027-04-27', 'reguler'),
	(73, 'Agus Kurniawan', '081200100073', 'agus.kurniawan@email.com', 'Jl. Letjen Sutoyo No.5, Palembang', '2027-05-12', 'loyal'),
	(74, 'Marceline Putri', '081200100074', 'marceline.putri@email.com', 'Jl. Merapi No.19, Sleman', '2027-05-30', 'VIP'),
	(75, 'Aurelia Nugraha', '081200100075', 'aurelia.nugraha@email.com', 'Jl. Jend. Ahmad Yani No.10, Bandung', '2027-06-11', 'reguler'),
	(76, 'Victor Adisaputra', '081200100076', 'victor.adisaputra@email.com', 'Jl. Imam Bonjol No.24, Jakarta Pusat', '2027-06-29', 'loyal'),
	(77, 'Nadya Halim', '081200100077', 'nadya.halim@email.com', 'Jl. Pandanaran No.35, Semarang', '2027-07-13', 'reguler'),
	(78, 'Albert Surya', '081200100078', 'albert.surya@email.com', 'Jl. Soekarno Hatta No.8, Bandung', '2027-07-29', 'VIP'),
	(79, 'Claudia Lestari', '081200100079', 'claudia.lestari@email.com', 'Jl. Kawi No.17, Malang', '2027-08-15', 'loyal'),
	(80, 'Andrian Saputra', '081200100080', 'andrian.saputra@email.com', 'Jl. Cendrawasih No.4, Pekanbaru', '2027-08-31', 'reguler'),
	(81, 'Isabella Laurent', '081200100081', 'isabella.laurent@email.com', 'Jl. Kemang Raya No.88, Jakarta Selatan', '2027-09-12', 'VIP'),
	(82, 'Rizky Maulana', '081200100082', 'rizky.maulana@email.com', 'Jl. Gajah Mada No.25, Yogyakarta', '2027-09-29', 'reguler'),
	(83, 'Samantha Lee', '081200100083', 'samantha.lee@email.com', 'Jl. Puri Indah No.11, Jakarta Barat', '2027-10-18', 'loyal'),
	(84, 'Jonathan Pratama', '081200100084', 'jonathan.pratama@email.com', 'Jl. Pandeglang No.6, Tangerang', '2027-11-02', 'reguler'),
	(85, 'Kezia Amanda', '081200100085', 'kezia.amanda@email.com', 'Jl. Diponegoro No.3, Semarang', '2027-11-24', 'loyal'),
	(86, 'Hiroshi Tanaka', '081200100086', 'hiroshi.tanaka@email.com', 'Jl. Senopati No.17, Jakarta Selatan', '2027-12-09', 'VIP'),
	(87, 'Melinda Chandra', '081200100087', 'melinda.chandra@email.com', 'Jl. Braga No.10, Bandung', '2027-12-28', 'loyal'),
	(88, 'Andreas Wijanarko', '081200100088', 'andreas.wijanarko@email.com', 'Jl. Ciumbuleuit No.19, Bandung', '2028-01-14', 'reguler'),
	(89, 'Siti Rahmah', '081200100089', 'siti.rahmah@email.com', 'Jl. MT Haryono No.21, Balikpapan', '2028-01-29', 'loyal'),
	(90, 'George Williams', '081200100090', 'george.williams@email.com', 'Jl. Mega Kuningan No.22, Jakarta Selatan', '2028-02-12', 'VIP'),
	(91, 'Arga Prasetyo', '081200100091', 'arga.prasetyo@email.com', 'Jl. Dr. Cipto No.44, Surabaya', '2028-03-03', 'loyal'),
	(92, 'Lydia Anggiani', '081200100092', 'lydia.anggiani@email.com', 'Jl. Sudirman No.31, Makassar', '2028-03-26', 'reguler'),
	(93, 'William Santoso', '081200100093', 'william.santoso@email.com', 'Jl. Pemuda No.19, Pekanbaru', '2028-04-11', 'loyal'),
	(94, 'Nadia Veronica', '081200100094', 'nadia.veronica@email.com', 'Jl. Gatot Subroto No.77, Jakarta Pusat', '2028-04-28', 'VIP'),
	(95, 'Putri Maharani', '081200100095', 'putri.maharani@email.com', 'Jl. Riau No.5, Bandung', '2028-05-10', 'reguler'),
	(96, 'Alexander Lim', '081200100096', 'alexander.lim@email.com', 'Jl. Sudirman No.98, Medan', '2028-05-25', 'VIP'),
	(97, 'Marsha Gunawan', '081200100097', 'marsha.gunawan@email.com', 'Jl. Darmo No.23, Surabaya', '2028-06-09', 'loyal'),
	(98, 'Aurelien Dupont', '081200100098', 'aurelien.dupont@email.com', 'Jl. Pangeran Antasari No.2, Jakarta Selatan', '2028-06-21', 'VIP'),
	(99, 'Rafi Nugroho', '081200100099', 'rafi.nugroho@email.com', 'Jl. Dr. Soetomo No.14, Solo', '2028-07-05', 'reguler'),
	(100, 'Aarif Rahmaan', '081200100100', 'aarif.rahmaan@email.com', 'Jl. Imam Bonjol No.60, Denpasar', '2028-07-24', 'loyal');

-- Dumping structure for table restoran_mewah.table_pembayaran
DROP TABLE IF EXISTS `table_pembayaran`;
CREATE TABLE IF NOT EXISTS `table_pembayaran` (
  `id_pembayaran` int(11) NOT NULL AUTO_INCREMENT,
  `metode_pembayaran` enum('cash','e-money') NOT NULL,
  `platform` enum('VISA','MasterCard','ShoppePay','Gopay','Dana','OVO') DEFAULT NULL,
  `waktu_pembayaran` datetime NOT NULL,
  `id_pesanan` int(11) NOT NULL,
  `status_pembayaran` enum('pending','success','failed') NOT NULL,
  PRIMARY KEY (`id_pembayaran`),
  KEY `fk_pembayaran_pesanan` (`id_pesanan`),
  CONSTRAINT `fk_pembayaran_pesanan` FOREIGN KEY (`id_pesanan`) REFERENCES `table_pesanan` (`id_pesanan`) ON DELETE CASCADE ON UPDATE CASCADE
) ENGINE=InnoDB AUTO_INCREMENT=101 DEFAULT CHARSET=utf8mb4 COLLATE=utf8mb4_general_ci;

-- Dumping data for table restoran_mewah.table_pembayaran: ~100 rows (approximately)
INSERT INTO `table_pembayaran` (`id_pembayaran`, `metode_pembayaran`, `platform`, `waktu_pembayaran`, `id_pesanan`, `status_pembayaran`) VALUES
	(1, 'cash', NULL, '2024-03-15 12:40:12', 1, 'success'),
	(2, 'e-money', 'Gopay', '2024-04-02 19:25:10', 2, 'pending'),
	(3, 'e-money', 'VISA', '2024-05-21 14:01:17', 3, 'success'),
	(4, 'cash', NULL, '2024-06-09 17:30:50', 4, 'failed'),
	(5, 'e-money', 'OVO', '2024-06-29 11:10:29', 5, 'failed'),
	(6, 'e-money', 'MasterCard', '2024-07-10 20:18:34', 6, 'success'),
	(7, 'cash', NULL, '2024-07-21 15:44:55', 7, 'pending'),
	(8, 'e-money', 'Dana', '2024-08-02 14:28:15', 8, 'success'),
	(9, 'e-money', 'ShoppePay', '2024-08-13 20:01:10', 9, 'pending'),
	(10, 'cash', NULL, '2024-08-27 12:11:42', 10, 'success'),
	(11, 'e-money', 'Gopay', '2024-09-02 18:50:03', 11, 'success'),
	(12, 'cash', NULL, '2024-09-12 13:25:18', 12, 'pending'),
	(13, 'e-money', 'OVO', '2024-09-22 11:18:40', 13, 'success'),
	(14, 'e-money', 'VISA', '2024-10-03 20:36:25', 14, 'failed'),
	(15, 'cash', NULL, '2024-10-15 16:15:32', 15, 'success'),
	(16, 'e-money', 'MasterCard', '2024-10-25 14:50:45', 16, 'pending'),
	(17, 'cash', NULL, '2024-11-01 18:20:18', 17, 'success'),
	(18, 'e-money', 'Dana', '2024-11-14 12:12:33', 18, 'pending'),
	(19, 'cash', NULL, '2024-11-25 11:24:09', 19, 'success'),
	(20, 'e-money', 'OVO', '2024-12-02 19:36:40', 20, 'pending'),
	(21, 'e-money', 'ShoppePay', '2024-12-15 13:17:19', 21, 'pending'),
	(22, 'cash', NULL, '2024-12-20 13:01:40', 22, 'success'),
	(23, 'cash', NULL, '2024-12-25 17:48:19', 23, 'success'),
	(24, 'e-money', 'VISA', '2025-01-02 11:34:41', 24, 'pending'),
	(25, 'cash', NULL, '2025-01-10 20:13:02', 25, 'success'),
	(26, 'e-money', 'MasterCard', '2025-01-20 15:54:22', 26, 'success'),
	(27, 'e-money', 'Dana', '2025-02-01 19:36:00', 27, 'pending'),
	(28, 'cash', NULL, '2025-02-12 18:15:08', 28, 'success'),
	(29, 'e-money', 'ShoppePay', '2025-02-22 13:14:25', 29, 'failed'),
	(30, 'e-money', 'Gopay', '2025-03-03 11:21:59', 30, 'pending'),
	(31, 'cash', NULL, '2025-03-15 17:47:18', 31, 'success'),
	(32, 'e-money', 'MasterCard', '2025-03-27 12:14:55', 32, 'success'),
	(33, 'cash', NULL, '2025-04-04 20:06:27', 33, 'pending'),
	(34, 'e-money', 'OVO', '2025-04-10 14:58:32', 34, 'success'),
	(35, 'e-money', 'Dana', '2025-04-17 13:36:59', 35, 'pending'),
	(36, 'cash', NULL, '2025-04-26 19:12:40', 36, 'success'),
	(37, 'e-money', 'ShoppePay', '2025-05-03 18:22:00', 37, 'pending'),
	(38, 'e-money', 'VISA', '2025-05-09 12:10:05', 38, 'success'),
	(39, 'cash', NULL, '2025-05-14 11:51:00', 39, 'pending'),
	(40, 'e-money', 'MasterCard', '2025-05-22 15:36:45', 40, 'success'),
	(41, 'cash', NULL, '2025-06-01 14:05:33', 41, 'failed'),
	(42, 'e-money', 'OVO', '2025-06-10 19:47:27', 42, 'success'),
	(43, 'e-money', 'Dana', '2025-06-20 13:20:45', 43, 'success'),
	(44, 'cash', NULL, '2025-06-28 18:25:38', 44, 'pending'),
	(45, 'e-money', 'ShoppePay', '2025-07-06 12:13:09', 45, 'pending'),
	(46, 'cash', NULL, '2025-07-13 19:58:47', 46, 'success'),
	(47, 'e-money', 'Gopay', '2025-07-21 16:25:33', 47, 'success'),
	(48, 'cash', NULL, '2025-07-29 14:44:29', 48, 'success'),
	(49, 'e-money', 'VISA', '2025-08-05 18:12:45', 49, 'pending'),
	(50, 'e-money', 'MasterCard', '2025-08-12 13:58:31', 50, 'success'),
	(51, 'cash', NULL, '2025-08-20 11:31:07', 51, 'pending'),
	(52, 'e-money', 'Dana', '2025-08-28 20:36:33', 52, 'success'),
	(53, 'cash', NULL, '2025-09-03 19:18:42', 53, 'pending'),
	(54, 'e-money', 'ShoppePay', '2025-09-09 14:06:21', 54, 'success'),
	(55, 'cash', NULL, '2025-09-16 11:51:37', 55, 'pending'),
	(56, 'e-money', 'VISA', '2025-09-21 12:42:29', 56, 'success'),
	(57, 'e-money', 'MasterCard', '2025-09-28 19:25:55', 57, 'pending'),
	(58, 'cash', NULL, '2025-10-01 13:36:28', 58, 'success'),
	(59, 'e-money', 'Gopay', '2025-10-04 18:43:09', 59, 'pending'),
	(60, 'cash', NULL, '2025-10-07 13:01:33', 60, 'success'),
	(61, 'e-money', 'OVO', '2025-10-09 15:30:55', 61, 'success'),
	(62, 'cash', NULL, '2025-10-11 19:08:07', 62, 'pending'),
	(63, 'e-money', 'ShoppePay', '2025-10-12 20:21:12', 63, 'success'),
	(64, 'e-money', 'Dana', '2025-10-13 13:24:22', 64, 'pending'),
	(65, 'cash', NULL, '2025-10-14 17:28:11', 65, 'success'),
	(66, 'e-money', 'VISA', '2025-10-15 12:10:25', 66, 'success'),
	(67, 'e-money', 'MasterCard', '2025-10-15 18:45:00', 67, 'pending'),
	(68, 'cash', NULL, '2025-10-15 14:33:09', 68, 'success'),
	(69, 'e-money', 'Gopay', '2025-10-15 20:20:33', 69, 'success'),
	(70, 'cash', NULL, '2025-10-15 19:47:10', 70, 'success'),
	(71, 'e-money', 'ShoppePay', '2025-10-15 16:34:05', 71, 'pending'),
	(72, 'cash', NULL, '2025-10-15 15:10:40', 72, 'failed'),
	(73, 'e-money', 'OVO', '2025-10-15 13:47:00', 73, 'success'),
	(74, 'cash', NULL, '2025-10-15 12:30:00', 74, 'success'),
	(75, 'e-money', 'Dana', '2025-10-15 19:53:22', 75, 'success'),
	(76, 'cash', NULL, '2025-10-15 17:14:33', 76, 'pending'),
	(77, 'e-money', 'VISA', '2025-10-15 15:00:10', 77, 'success'),
	(78, 'cash', NULL, '2025-10-15 18:50:19', 78, 'success'),
	(79, 'e-money', 'Gopay', '2025-10-15 13:13:21', 79, 'pending'),
	(80, 'cash', NULL, '2025-10-15 15:28:11', 80, 'failed'),
	(81, 'e-money', 'ShoppePay', '2025-10-15 12:35:11', 81, 'success'),
	(82, 'cash', NULL, '2025-10-15 17:02:01', 82, 'success'),
	(83, 'e-money', 'MasterCard', '2025-10-15 18:25:10', 83, 'pending'),
	(84, 'cash', NULL, '2025-10-15 20:35:44', 84, 'success'),
	(85, 'e-money', 'Dana', '2025-10-15 13:50:22', 85, 'success'),
	(86, 'cash', NULL, '2025-10-15 12:22:31', 86, 'pending'),
	(87, 'e-money', 'VISA', '2025-10-15 17:42:55', 87, 'success'),
	(88, 'e-money', 'OVO', '2025-10-15 19:58:17', 88, 'pending'),
	(89, 'cash', NULL, '2025-10-15 14:25:18', 89, 'success'),
	(90, 'e-money', 'ShoppePay', '2025-10-15 18:19:40', 90, 'success'),
	(91, 'e-money', 'Gopay', '2025-10-15 16:42:10', 91, 'pending'),
	(92, 'cash', NULL, '2025-10-15 19:22:40', 92, 'success'),
	(93, 'cash', NULL, '2025-10-15 14:01:55', 93, 'success'),
	(94, 'e-money', 'MasterCard', '2025-10-15 18:15:11', 94, 'pending'),
	(95, 'cash', NULL, '2025-10-15 12:52:30', 95, 'success'),
	(96, 'e-money', 'Dana', '2025-10-15 14:44:59', 96, 'success'),
	(97, 'cash', NULL, '2025-10-15 19:33:40', 97, 'pending'),
	(98, 'e-money', 'VISA', '2025-10-15 18:02:19', 98, 'success'),
	(99, 'cash', NULL, '2025-10-15 15:50:45', 99, 'success'),
	(100, 'e-money', 'OVO', '2025-10-15 13:25:10', 100, 'success');

-- Dumping structure for table restoran_mewah.table_pesanan
DROP TABLE IF EXISTS `table_pesanan`;
CREATE TABLE IF NOT EXISTS `table_pesanan` (
  `id_pesanan` int(11) NOT NULL,
  `id_pelanggan` int(11) NOT NULL,
  `waktu_pesanan` datetime NOT NULL,
  `total_harga` decimal(10,2) NOT NULL,
  `status_pesanan` enum('menunggu','diproses','selesai','dibatalkan') NOT NULL,
  `tipe_pesanan` enum('dine_in','takeaway') NOT NULL,
  `id_diskon` int(11) DEFAULT NULL,
  PRIMARY KEY (`id_pesanan`),
  KEY `id_pelanggan` (`id_pelanggan`),
  KEY `id_diskon` (`id_diskon`),
  CONSTRAINT `table_pesanan_ibfk_1` FOREIGN KEY (`id_pelanggan`) REFERENCES `table_pelanggan` (`id_pelanggan`),
  CONSTRAINT `table_pesanan_ibfk_2` FOREIGN KEY (`id_diskon`) REFERENCES `table_diskon` (`id_diskon`)
) ENGINE=InnoDB DEFAULT CHARSET=utf8mb4 COLLATE=utf8mb4_general_ci;

-- Dumping data for table restoran_mewah.table_pesanan: ~100 rows (approximately)
INSERT INTO `table_pesanan` (`id_pesanan`, `id_pelanggan`, `waktu_pesanan`, `total_harga`, `status_pesanan`, `tipe_pesanan`, `id_diskon`) VALUES
	(1, 12, '2024-03-15 12:34:21', 157000.00, 'selesai', 'dine_in', 15),
	(2, 45, '2024-04-02 19:20:11', 324000.00, 'diproses', 'takeaway', NULL),
	(3, 8, '2024-05-21 13:55:44', 982000.00, 'selesai', 'dine_in', 7),
	(4, 33, '2024-06-09 17:23:12', 740000.00, 'menunggu', 'takeaway', 31),
	(5, 21, '2024-06-29 11:08:57', 285000.00, 'dibatalkan', 'dine_in', NULL),
	(6, 17, '2024-07-10 20:14:19', 605000.00, 'selesai', 'takeaway', 40),
	(7, 49, '2024-07-21 15:40:31', 129000.00, 'diproses', 'dine_in', 18),
	(8, 3, '2024-08-02 14:22:17', 512000.00, 'selesai', 'takeaway', 5),
	(9, 28, '2024-08-13 19:56:22', 433000.00, 'menunggu', 'takeaway', NULL),
	(10, 63, '2024-08-27 12:09:33', 870000.00, 'selesai', 'dine_in', 42),
	(11, 19, '2024-09-02 18:44:05', 239000.00, 'diproses', 'takeaway', 24),
	(12, 36, '2024-09-12 13:22:09', 195000.00, 'menunggu', 'dine_in', NULL),
	(13, 6, '2024-09-22 11:15:52', 428000.00, 'selesai', 'dine_in', 38),
	(14, 71, '2024-10-03 20:33:15', 753000.00, 'dibatalkan', 'takeaway', NULL),
	(15, 22, '2024-10-15 16:11:43', 676000.00, 'selesai', 'dine_in', 85),
	(16, 55, '2024-10-25 14:45:18', 547000.00, 'diproses', 'takeaway', 12),
	(17, 30, '2024-11-01 18:17:04', 880000.00, 'selesai', 'dine_in', 51),
	(18, 78, '2024-11-14 12:08:56', 399000.00, 'menunggu', 'takeaway', NULL),
	(19, 4, '2024-11-25 11:20:13', 965000.00, 'selesai', 'dine_in', 7),
	(20, 10, '2024-12-02 19:33:22', 322000.00, 'diproses', 'takeaway', NULL),
	(21, 67, '2024-12-15 13:12:44', 198000.00, 'menunggu', 'takeaway', 91),
	(22, 13, '2024-12-20 12:58:01', 455000.00, 'selesai', 'dine_in', 71),
	(23, 5, '2024-12-25 17:44:29', 735000.00, 'selesai', 'dine_in', 13),
	(24, 32, '2025-01-02 11:30:59', 665000.00, 'diproses', 'takeaway', 25),
	(25, 25, '2025-01-10 20:09:47', 284000.00, 'selesai', 'dine_in', NULL),
	(26, 2, '2025-01-20 15:51:30', 520000.00, 'selesai', 'takeaway', 30),
	(27, 40, '2025-02-01 19:33:21', 871000.00, 'menunggu', 'takeaway', NULL),
	(28, 73, '2025-02-12 18:12:00', 618000.00, 'selesai', 'dine_in', 49),
	(29, 1, '2025-02-22 13:10:44', 167000.00, 'dibatalkan', 'takeaway', NULL),
	(30, 9, '2025-03-03 11:18:28', 295000.00, 'diproses', 'dine_in', 3),
	(31, 64, '2025-03-15 17:44:12', 542000.00, 'selesai', 'takeaway', 58),
	(32, 15, '2025-03-27 12:11:32', 810000.00, 'selesai', 'dine_in', 59),
	(33, 44, '2025-04-04 20:03:09', 478000.00, 'menunggu', 'dine_in', NULL),
	(34, 35, '2025-04-10 14:55:27', 133000.00, 'selesai', 'takeaway', 70),
	(35, 53, '2025-04-17 13:33:48', 692000.00, 'diproses', 'takeaway', 73),
	(36, 11, '2025-04-26 19:10:01', 567000.00, 'selesai', 'dine_in', 77),
	(37, 38, '2025-05-03 18:19:21', 615000.00, 'menunggu', 'takeaway', NULL),
	(38, 56, '2025-05-09 12:07:33', 302000.00, 'selesai', 'dine_in', 80),
	(39, 42, '2025-05-14 11:47:58', 957000.00, 'diproses', 'takeaway', 84),
	(40, 20, '2025-05-22 15:33:41', 589000.00, 'selesai', 'dine_in', NULL),
	(41, 7, '2025-06-01 14:01:07', 440000.00, 'dibatalkan', 'takeaway', 33),
	(42, 16, '2025-06-10 19:44:53', 333000.00, 'selesai', 'dine_in', 68),
	(43, 26, '2025-06-20 13:17:14', 751000.00, 'selesai', 'takeaway', 95),
	(44, 52, '2025-06-28 18:22:00', 258000.00, 'menunggu', 'dine_in', NULL),
	(45, 37, '2025-07-06 12:10:25', 806000.00, 'diproses', 'takeaway', 75),
	(46, 29, '2025-07-13 19:55:03', 139000.00, 'selesai', 'dine_in', NULL),
	(47, 84, '2025-07-21 16:22:10', 445000.00, 'diproses', 'takeaway', 67),
	(48, 50, '2025-07-29 14:41:42', 712000.00, 'selesai', 'dine_in', 82),
	(49, 27, '2025-08-05 18:09:33', 561000.00, 'menunggu', 'takeaway', NULL),
	(50, 90, '2025-08-12 13:55:24', 970000.00, 'selesai', 'dine_in', 91),
	(51, 18, '2025-08-20 11:27:41', 356000.00, 'diproses', 'takeaway', 76),
	(52, 85, '2025-08-28 20:33:59', 634000.00, 'selesai', 'dine_in', 88),
	(53, 66, '2025-09-03 19:15:22', 284000.00, 'menunggu', 'takeaway', NULL),
	(54, 14, '2025-09-09 14:03:17', 923000.00, 'selesai', 'dine_in', 94),
	(55, 62, '2025-09-16 11:48:50', 157000.00, 'diproses', 'takeaway', NULL),
	(56, 75, '2025-09-21 12:40:03', 439000.00, 'selesai', 'dine_in', 86),
	(57, 46, '2025-09-28 19:22:44', 792000.00, 'menunggu', 'takeaway', 60),
	(58, 41, '2025-10-01 13:33:55', 684000.00, 'selesai', 'dine_in', 63),
	(59, 31, '2025-10-04 18:40:17', 230000.00, 'diproses', 'takeaway', NULL),
	(60, 23, '2025-10-07 12:58:19', 910000.00, 'selesai', 'dine_in', 39),
	(61, 34, '2025-10-09 15:27:40', 595000.00, 'selesai', 'dine_in', NULL),
	(62, 80, '2025-10-11 19:05:13', 305000.00, 'menunggu', 'takeaway', 99),
	(63, 59, '2025-10-12 20:18:29', 627000.00, 'selesai', 'dine_in', NULL),
	(64, 48, '2025-10-13 13:20:56', 174000.00, 'diproses', 'takeaway', 46),
	(65, 24, '2025-10-14 17:25:03', 518000.00, 'selesai', 'dine_in', 93),
	(66, 76, '2025-10-15 12:07:49', 881000.00, 'selesai', 'takeaway', NULL),
	(67, 54, '2025-10-15 18:42:30', 452000.00, 'diproses', 'takeaway', 44),
	(68, 83, '2025-10-15 14:30:18', 600000.00, 'selesai', 'dine_in', NULL),
	(69, 70, '2025-10-15 20:17:52', 785000.00, 'selesai', 'takeaway', 72),
	(70, 43, '2025-10-15 19:44:11', 902000.00, 'selesai', 'dine_in', 42),
	(71, 58, '2025-10-15 16:31:09', 370000.00, 'diproses', 'takeaway', NULL),
	(72, 39, '2025-10-15 15:08:22', 245000.00, 'menunggu', 'dine_in', 33),
	(73, 81, '2025-10-15 13:44:44', 410000.00, 'selesai', 'takeaway', 76),
	(74, 47, '2025-10-15 12:27:33', 677000.00, 'selesai', 'dine_in', NULL),
	(75, 72, '2025-10-15 19:50:19', 337000.00, 'selesai', 'takeaway', 22),
	(76, 51, '2025-10-15 17:11:55', 812000.00, 'diproses', 'dine_in', 90),
	(77, 61, '2025-10-15 14:59:12', 156000.00, 'selesai', 'takeaway', 28),
	(78, 77, '2025-10-15 18:48:00', 729000.00, 'selesai', 'dine_in', 69),
	(79, 57, '2025-10-15 13:10:50', 845000.00, 'diproses', 'takeaway', NULL),
	(80, 60, '2025-10-15 15:25:19', 269000.00, 'menunggu', 'dine_in', 37),
	(81, 68, '2025-10-15 12:32:44', 493000.00, 'selesai', 'takeaway', 59),
	(82, 65, '2025-10-15 16:59:33', 751000.00, 'selesai', 'dine_in', NULL),
	(83, 74, '2025-10-15 18:22:09', 590000.00, 'diproses', 'takeaway', 81),
	(84, 87, '2025-10-15 20:33:00', 985000.00, 'selesai', 'dine_in', 57),
	(85, 86, '2025-10-15 13:47:41', 349000.00, 'selesai', 'takeaway', NULL),
	(86, 82, '2025-10-15 12:19:25', 431000.00, 'menunggu', 'dine_in', 66),
	(87, 88, '2025-10-15 17:40:09', 247000.00, 'selesai', 'takeaway', 55),
	(88, 91, '2025-10-15 19:55:20', 613000.00, 'diproses', 'dine_in', NULL),
	(89, 89, '2025-10-15 14:23:39', 734000.00, 'selesai', 'takeaway', 48),
	(90, 92, '2025-10-15 18:17:02', 401000.00, 'selesai', 'dine_in', 61),
	(91, 93, '2025-10-15 16:40:11', 872000.00, 'diproses', 'takeaway', NULL),
	(92, 94, '2025-10-15 19:20:59', 323000.00, 'selesai', 'dine_in', 63),
	(93, 95, '2025-10-15 13:59:10', 564000.00, 'selesai', 'takeaway', NULL),
	(94, 96, '2025-10-15 18:12:41', 987000.00, 'menunggu', 'dine_in', 100),
	(95, 97, '2025-10-15 12:49:50', 416000.00, 'selesai', 'takeaway', 75),
	(96, 98, '2025-10-15 14:41:22', 667000.00, 'selesai', 'dine_in', NULL),
	(97, 99, '2025-10-15 19:30:07', 555000.00, 'diproses', 'takeaway', 85),
	(98, 100, '2025-10-15 17:59:40', 739000.00, 'selesai', 'dine_in', 58),
	(99, 79, '2025-10-15 15:48:21', 873000.00, 'selesai', 'takeaway', NULL),
	(100, 69, '2025-10-15 13:22:36', 194000.00, 'selesai', 'dine_in', 40);

-- Dumping structure for table restoran_mewah.table_resep
DROP TABLE IF EXISTS `table_resep`;
CREATE TABLE IF NOT EXISTS `table_resep` (
  `id_menu` int(11) NOT NULL,
  `id_bahan` int(11) NOT NULL,
  `jumlah_digunakan` decimal(10,2) NOT NULL,
  PRIMARY KEY (`id_menu`,`id_bahan`),
  KEY `id_bahan` (`id_bahan`),
  CONSTRAINT `table_resep_ibfk_1` FOREIGN KEY (`id_menu`) REFERENCES `table_menu` (`id_menu`),
  CONSTRAINT `table_resep_ibfk_2` FOREIGN KEY (`id_bahan`) REFERENCES `table_bahan_baku` (`id_bahan`)
) ENGINE=InnoDB DEFAULT CHARSET=utf8mb4 COLLATE=utf8mb4_general_ci;

-- Dumping data for table restoran_mewah.table_resep: ~150 rows (approximately)
INSERT INTO `table_resep` (`id_menu`, `id_bahan`, `jumlah_digunakan`) VALUES
	(1, 21, 0.25),
	(1, 22, 0.10),
	(2, 7, 0.05),
	(2, 15, 0.20),
	(3, 18, 0.08),
	(3, 25, 0.15),
	(4, 24, 0.30),
	(4, 36, 0.02),
	(5, 88, 0.01),
	(6, 16, 0.20),
	(7, 23, 0.35),
	(8, 10, 0.05),
	(9, 65, 0.50),
	(10, 14, 0.10),
	(10, 36, 0.03),
	(11, 65, 0.40),
	(12, 72, 0.10),
	(13, 72, 0.15),
	(14, 13, 0.25),
	(14, 19, 0.05),
	(15, 11, 0.10),
	(15, 71, 0.15),
	(16, 25, 0.10),
	(16, 73, 0.20),
	(17, 33, 0.10),
	(17, 34, 0.08),
	(18, 16, 0.20),
	(18, 88, 0.02),
	(19, 16, 0.25),
	(19, 90, 0.03),
	(20, 25, 0.10),
	(20, 32, 0.30),
	(21, 25, 0.05),
	(21, 76, 0.25),
	(22, 65, 0.45),
	(23, 14, 0.10),
	(23, 31, 0.05),
	(24, 65, 0.30),
	(25, 72, 0.10),
	(26, 1, 0.20),
	(26, 33, 0.10),
	(27, 16, 0.15),
	(27, 88, 0.02),
	(28, 28, 0.03),
	(29, 25, 0.10),
	(29, 41, 0.40),
	(30, 10, 0.05),
	(30, 70, 0.15),
	(31, 65, 0.40),
	(32, 14, 0.10),
	(32, 36, 0.02),
	(33, 65, 0.35),
	(34, 72, 0.15),
	(35, 12, 0.20),
	(35, 19, 0.04),
	(36, 7, 0.05),
	(36, 62, 0.15),
	(37, 18, 0.10),
	(37, 25, 0.20),
	(38, 13, 0.10),
	(38, 36, 0.02),
	(39, 25, 0.10),
	(39, 88, 0.03),
	(40, 78, 0.02),
	(41, 14, 0.20),
	(42, 76, 0.15),
	(43, 65, 0.50),
	(44, 14, 0.10),
	(44, 36, 0.03),
	(45, 65, 0.40),
	(46, 72, 0.10),
	(47, 2, 0.25),
	(47, 39, 0.10),
	(48, 18, 0.12),
	(48, 25, 0.15),
	(49, 25, 0.02),
	(49, 33, 0.08),
	(50, 16, 0.15),
	(50, 88, 0.02),
	(51, 78, 0.03),
	(51, 92, 0.02),
	(52, 23, 0.25),
	(53, 70, 0.15),
	(54, 65, 0.40),
	(55, 14, 0.10),
	(56, 65, 0.35),
	(57, 72, 0.10),
	(58, 2, 0.20),
	(58, 36, 0.03),
	(59, 18, 0.10),
	(59, 50, 0.05),
	(60, 24, 0.20),
	(60, 33, 0.15),
	(61, 36, 0.02),
	(61, 52, 0.15),
	(62, 25, 0.10),
	(62, 57, 0.30),
	(63, 18, 0.08),
	(63, 25, 0.15),
	(64, 7, 0.05),
	(64, 24, 0.25),
	(65, 88, 0.02),
	(66, 78, 0.03),
	(67, 73, 0.25),
	(68, 10, 0.05),
	(69, 65, 0.50),
	(70, 36, 0.02),
	(71, 65, 0.40),
	(72, 72, 0.15),
	(73, 52, 0.20),
	(73, 74, 0.02),
	(74, 1, 0.25),
	(74, 36, 0.02),
	(75, 18, 0.12),
	(75, 25, 0.10),
	(76, 25, 0.05),
	(76, 51, 0.10),
	(77, 16, 0.10),
	(77, 88, 0.03),
	(78, 78, 0.02),
	(78, 92, 0.02),
	(79, 73, 0.20),
	(80, 10, 0.05),
	(81, 65, 0.40),
	(82, 36, 0.02),
	(83, 65, 0.35),
	(84, 72, 0.10),
	(85, 8, 0.30),
	(85, 36, 0.02),
	(86, 38, 0.25),
	(86, 46, 0.05),
	(87, 25, 0.10),
	(87, 73, 0.20),
	(88, 33, 0.10),
	(88, 34, 0.08),
	(89, 16, 0.15),
	(89, 88, 0.02),
	(90, 90, 0.03),
	(91, 23, 0.25),
	(92, 73, 0.15),
	(93, 65, 0.50),
	(94, 36, 0.03),
	(95, 65, 0.40),
	(96, 72, 0.15),
	(97, 11, 0.20),
	(97, 36, 0.02),
	(98, 20, 0.25),
	(98, 46, 0.05),
	(99, 18, 0.10),
	(100, 35, 0.25);

-- Dumping structure for table restoran_mewah.table_reservasi
DROP TABLE IF EXISTS `table_reservasi`;
CREATE TABLE IF NOT EXISTS `table_reservasi` (
  `id_reservasi` int(11) NOT NULL AUTO_INCREMENT,
  `id_pelanggan` int(11) NOT NULL,
  `id_meja` int(11) NOT NULL,
  `waktu_reservasi` datetime NOT NULL,
  `status_reservasi` enum('pending','confirmed','cancelled','completed') NOT NULL,
  `jumlah_tamu` int(2) NOT NULL,
  `id_pegawai` int(11) NOT NULL,
  PRIMARY KEY (`id_reservasi`),
  KEY `id_pelanggan` (`id_pelanggan`),
  KEY `id_meja` (`id_meja`),
  KEY `fk_reservasi_pegawai` (`id_pegawai`),
  CONSTRAINT `fk_reservasi_pegawai` FOREIGN KEY (`id_pegawai`) REFERENCES `table_pegawai` (`id_pegawai`),
  CONSTRAINT `table_reservasi_ibfk_1` FOREIGN KEY (`id_pelanggan`) REFERENCES `table_pelanggan` (`id_pelanggan`),
  CONSTRAINT `table_reservasi_ibfk_2` FOREIGN KEY (`id_meja`) REFERENCES `table_meja` (`id_meja`),
  CONSTRAINT `chk_jumlah_tamu` CHECK (`jumlah_tamu` <= 99)
) ENGINE=InnoDB AUTO_INCREMENT=100 DEFAULT CHARSET=utf8mb4 COLLATE=utf8mb4_general_ci;

-- Dumping data for table restoran_mewah.table_reservasi: ~99 rows (approximately)
INSERT INTO `table_reservasi` (`id_reservasi`, `id_pelanggan`, `id_meja`, `waktu_reservasi`, `status_reservasi`, `jumlah_tamu`, `id_pegawai`) VALUES
	(1, 12, 45, '2025-09-12 18:30:00', 'confirmed', 4, 19),
	(2, 33, 5, '2025-09-13 19:00:00', 'pending', 2, 25),
	(3, 1, 17, '2025-09-14 20:15:00', 'completed', 3, 16),
	(4, 54, 80, '2025-09-15 18:00:00', 'confirmed', 5, 85),
	(5, 7, 63, '2025-09-15 21:00:00', 'cancelled', 4, 32),
	(6, 9, 22, '2025-09-16 17:45:00', 'confirmed', 6, 18),
	(7, 26, 99, '2025-09-16 19:30:00', 'pending', 3, 91),
	(8, 88, 33, '2025-09-17 18:15:00', 'completed', 4, 27),
	(9, 17, 11, '2025-09-17 20:45:00', 'confirmed', 2, 29),
	(10, 45, 75, '2025-09-18 19:00:00', 'completed', 8, 26),
	(11, 60, 13, '2025-09-19 18:30:00', 'pending', 4, 33),
	(12, 39, 42, '2025-09-19 20:00:00', 'cancelled', 5, 28),
	(13, 5, 2, '2025-09-20 18:45:00', 'confirmed', 2, 92),
	(14, 64, 77, '2025-09-21 19:00:00', 'completed', 6, 93),
	(15, 73, 15, '2025-09-21 20:15:00', 'pending', 4, 87),
	(16, 10, 61, '2025-09-22 18:00:00', 'confirmed', 3, 34),
	(17, 49, 70, '2025-09-22 19:30:00', 'cancelled', 2, 85),
	(18, 8, 27, '2025-09-23 18:45:00', 'completed', 7, 32),
	(19, 19, 19, '2025-09-23 20:30:00', 'pending', 5, 18),
	(20, 43, 54, '2025-09-24 19:00:00', 'confirmed', 4, 90),
	(21, 72, 6, '2025-09-24 18:00:00', 'completed', 2, 89),
	(22, 4, 30, '2025-09-25 18:30:00', 'cancelled', 6, 27),
	(23, 3, 8, '2025-09-25 19:45:00', 'confirmed', 5, 16),
	(24, 41, 10, '2025-09-26 20:15:00', 'pending', 3, 33),
	(25, 32, 47, '2025-09-26 19:00:00', 'completed', 4, 86),
	(26, 51, 67, '2025-09-27 18:30:00', 'confirmed', 8, 91),
	(27, 25, 31, '2025-09-27 20:00:00', 'pending', 2, 25),
	(28, 46, 7, '2025-09-28 19:15:00', 'completed', 3, 88),
	(29, 22, 9, '2025-09-28 18:45:00', 'confirmed', 4, 30),
	(30, 37, 36, '2025-09-29 19:00:00', 'cancelled', 5, 26),
	(31, 14, 12, '2025-09-29 20:30:00', 'completed', 2, 34),
	(32, 24, 20, '2025-09-30 18:15:00', 'confirmed', 7, 29),
	(33, 28, 48, '2025-09-30 19:00:00', 'pending', 3, 33),
	(34, 63, 65, '2025-10-01 18:45:00', 'completed', 6, 19),
	(35, 31, 85, '2025-10-01 20:00:00', 'confirmed', 4, 25),
	(36, 20, 37, '2025-10-02 18:15:00', 'pending', 5, 86),
	(37, 11, 41, '2025-10-02 19:30:00', 'completed', 2, 16),
	(38, 6, 44, '2025-10-03 20:00:00', 'confirmed', 8, 91),
	(39, 36, 55, '2025-10-03 18:00:00', 'cancelled', 3, 28),
	(40, 18, 68, '2025-10-04 18:45:00', 'pending', 4, 32),
	(41, 48, 76, '2025-10-04 19:15:00', 'confirmed', 6, 34),
	(42, 53, 82, '2025-10-05 18:30:00', 'completed', 5, 27),
	(43, 15, 18, '2025-10-05 20:00:00', 'pending', 2, 87),
	(44, 59, 84, '2025-10-06 19:00:00', 'confirmed', 3, 25),
	(45, 13, 1, '2025-10-06 18:30:00', 'completed', 4, 90),
	(46, 21, 14, '2025-10-07 19:45:00', 'confirmed', 5, 88),
	(47, 27, 29, '2025-10-07 18:00:00', 'pending', 6, 92),
	(48, 35, 34, '2025-10-08 19:30:00', 'cancelled', 4, 26),
	(49, 2, 39, '2025-10-08 20:15:00', 'completed', 7, 89),
	(50, 42, 50, '2025-10-09 18:30:00', 'confirmed', 8, 33),
	(51, 23, 52, '2025-10-09 19:00:00', 'pending', 3, 85),
	(52, 47, 57, '2025-10-10 18:45:00', 'completed', 5, 34),
	(53, 50, 59, '2025-10-10 19:30:00', 'confirmed', 4, 30),
	(54, 16, 62, '2025-10-11 18:00:00', 'pending', 2, 29),
	(55, 29, 64, '2025-10-11 19:15:00', 'completed', 6, 87),
	(56, 34, 66, '2025-10-12 20:00:00', 'confirmed', 5, 93),
	(57, 30, 69, '2025-10-12 18:45:00', 'pending', 3, 91),
	(58, 40, 71, '2025-10-13 18:00:00', 'completed', 4, 92),
	(59, 44, 73, '2025-10-13 19:30:00', 'confirmed', 8, 28),
	(60, 52, 78, '2025-10-14 18:30:00', 'pending', 2, 34),
	(61, 55, 79, '2025-10-14 19:45:00', 'confirmed', 3, 85),
	(62, 56, 81, '2025-10-15 18:15:00', 'completed', 5, 25),
	(63, 57, 83, '2025-10-15 19:00:00', 'confirmed', 6, 16),
	(64, 58, 86, '2025-10-16 20:00:00', 'pending', 4, 27),
	(65, 61, 87, '2025-10-16 18:30:00', 'completed', 7, 90),
	(66, 62, 88, '2025-10-17 19:30:00', 'confirmed', 5, 26),
	(67, 65, 89, '2025-10-17 20:15:00', 'completed', 4, 28),
	(68, 66, 90, '2025-10-18 18:00:00', 'pending', 3, 92),
	(69, 67, 91, '2025-10-18 19:00:00', 'confirmed', 8, 33),
	(70, 68, 92, '2025-10-19 18:45:00', 'completed', 4, 89),
	(71, 69, 93, '2025-10-19 20:00:00', 'pending', 2, 27),
	(72, 70, 94, '2025-10-20 18:15:00', 'confirmed', 6, 91),
	(73, 71, 95, '2025-10-20 19:45:00', 'completed', 4, 85),
	(74, 74, 96, '2025-10-21 18:00:00', 'pending', 3, 25),
	(75, 75, 97, '2025-10-21 19:00:00', 'confirmed', 5, 29),
	(76, 76, 98, '2025-10-22 20:15:00', 'completed', 7, 30),
	(77, 77, 100, '2025-10-22 18:45:00', 'pending', 2, 93),
	(78, 78, 4, '2025-10-23 18:00:00', 'completed', 4, 16),
	(79, 79, 24, '2025-10-23 19:15:00', 'confirmed', 5, 19),
	(80, 80, 46, '2025-10-24 18:30:00', 'pending', 6, 34),
	(81, 81, 25, '2025-10-24 19:45:00', 'confirmed', 8, 26),
	(82, 82, 28, '2025-10-25 18:00:00', 'completed', 3, 85),
	(83, 83, 16, '2025-10-25 19:30:00', 'confirmed', 4, 32),
	(84, 84, 23, '2025-10-26 18:45:00', 'pending', 2, 86),
	(85, 85, 35, '2025-10-26 19:00:00', 'confirmed', 5, 87),
	(86, 86, 38, '2025-10-27 18:15:00', 'completed', 4, 25),
	(87, 87, 40, '2025-10-27 19:30:00', 'pending', 6, 91),
	(88, 89, 43, '2025-10-28 18:00:00', 'confirmed', 5, 34),
	(89, 90, 49, '2025-10-28 19:15:00', 'completed', 3, 85),
	(90, 91, 51, '2025-10-29 18:30:00', 'confirmed', 4, 28),
	(91, 92, 53, '2025-10-29 19:00:00', 'pending', 2, 33),
	(92, 93, 56, '2025-10-30 20:00:00', 'completed', 8, 19),
	(93, 94, 58, '2025-10-30 18:45:00', 'confirmed', 5, 26),
	(94, 95, 60, '2025-10-31 19:30:00', 'pending', 4, 92),
	(95, 96, 32, '2025-10-31 18:15:00', 'completed', 6, 90),
	(96, 97, 21, '2025-11-01 18:30:00', 'confirmed', 5, 29),
	(97, 98, 26, '2025-11-01 19:45:00', 'completed', 2, 88),
	(98, 99, 3, '2025-11-02 18:00:00', 'pending', 3, 30),
	(99, 100, 74, '2025-11-02 19:15:00', 'confirmed', 8, 91);

-- Dumping structure for table restoran_mewah.table_supplier
DROP TABLE IF EXISTS `table_supplier`;
CREATE TABLE IF NOT EXISTS `table_supplier` (
  `id_supplier` int(11) NOT NULL AUTO_INCREMENT,
  `nama_supplier` varchar(100) NOT NULL,
  `alamat_supplier` varchar(255) NOT NULL,
  `nomor_telepon` varchar(20) NOT NULL,
  `email` varchar(100) NOT NULL,
  PRIMARY KEY (`id_supplier`)
) ENGINE=InnoDB AUTO_INCREMENT=101 DEFAULT CHARSET=utf8mb4 COLLATE=utf8mb4_general_ci;

-- Dumping data for table restoran_mewah.table_supplier: ~100 rows (approximately)
INSERT INTO `table_supplier` (`id_supplier`, `nama_supplier`, `alamat_supplier`, `nomor_telepon`, `email`) VALUES
	(1, 'PT. Sumber Sukses Abadi', 'Jl. Mega Kencana No. 15, Jakarta Selatan', '081234567890', 'sumber.sukses@email.com'),
	(2, 'CV. Indah Lestari', 'Jl. Raya Pahlawan No. 30, Surabaya', '081234567891', 'indah.lestari@email.com'),
	(3, 'PT. Global Makmur Sejahtera', 'Jl. Harmoni No. 12, Bandung', '081234567892', 'global.makmur@email.com'),
	(4, 'CV. Jaya Abadi', 'Jl. Cendrawasih No. 88, Medan', '081234567893', 'jaya.abadi@email.com'),
	(5, 'PT. Diamond Global Enterprises', 'Jl. Sultan Agung No. 45, Jakarta Timur', '081234567894', 'diamond.global@email.com'),
	(6, 'PT. Sinergi Karya Mandiri', 'Jl. Bintaro No. 20, Tangerang', '081234567895', 'sinergi.karya@email.com'),
	(7, 'PT. Sinar Jaya Abadi', 'Jl. Merdeka No. 50, Yogyakarta', '081234567896', 'sinar.jaya@email.com'),
	(8, 'CV. Tri Karya Sejahtera', 'Jl. Raya Kebayoran Lama No. 33, Jakarta Barat', '081234567897', 'tri.karya@email.com'),
	(9, 'PT. Fortuna Prima Indonesia', 'Jl. Cikini Raya No. 10, Jakarta Pusat', '081234567898', 'fortuna.prima@email.com'),
	(10, 'CV. Cahaya Sejahtera', 'Jl. Proklamasi No. 22, Bandung', '081234567899', 'cahaya.sejahtera@email.com'),
	(11, 'PT. Mandiri Nusantara', 'Jl. Taman Sari No. 5, Jakarta Barat', '081234567900', 'mandiri.nusantara@email.com'),
	(12, 'CV. Anugerah Sukses', 'Jl. Jendral Sudirman No. 18, Makassar', '081234567901', 'anugerah.sukses@email.com'),
	(13, 'PT. Sejahtera Abadi', 'Jl. Pahlawan No. 60, Medan', '081234567902', 'sejahtera.abadi@email.com'),
	(14, 'CV. Mitra Sejahtera', 'Jl. Gajah Mada No. 100, Jakarta Pusat', '081234567903', 'mitra.sejahtera@email.com'),
	(15, 'PT. Sukses Mandiri Global', 'Jl. Kebon Sirih No. 5, Jakarta Pusat', '081234567904', 'sukses.mandiri@email.com'),
	(16, 'CV. Sumber Rezeki Abadi', 'Jl. Taman Mini No. 77, Jakarta Timur', '081234567905', 'sumber.rezeki@email.com'),
	(17, 'PT. Alamsyah Abadi', 'Jl. Raya Gading No. 12, Surabaya', '081234567906', 'alamsyah.abadi@email.com'),
	(18, 'PT. Visionary Business Solutions', 'Jl. Raya Cikini No. 2, Jakarta Selatan', '081234567907', 'visionary.business@email.com'),
	(19, 'CV. Maju Jaya Lestari', 'Jl. Raya Pasar Minggu No. 10, Jakarta Selatan', '081234567908', 'maju.jaya@email.com'),
	(20, 'PT. Gold Star Enterprises', 'Jl. Setiabudi No. 22, Jakarta Selatan', '081234567909', 'gold.star@email.com'),
	(21, 'Elite Culinary Supplies', 'Jl. Kemang Raya No. 15, Jakarta Selatan', '081234567910', 'elite.culinary@email.com'),
	(22, 'Luxury Food Partners', 'Jl. Senopati No. 22, Jakarta Selatan', '081234567911', 'luxury.food@email.com'),
	(23, 'Royal Gourmet Traders', 'Jl. Sudirman No. 44, Jakarta Pusat', '081234567912', 'royal.gourmet@email.com'),
	(24, 'Majestic Food Suppliers', 'Jl. Rasuna Said No. 55, Jakarta Selatan', '081234567913', 'majestic.food@email.com'),
	(25, 'Premier Taste Distributors', 'Jl. Thamrin No. 10, Jakarta Pusat', '081234567914', 'premier.taste@email.com'),
	(26, 'Opulent Ingredients Co.', 'Jl. Setiabudi No. 30, Jakarta Selatan', '081234567915', 'opulent.ingredients@email.com'),
	(27, 'Noble Provisions Ltd.', 'Jl. Gatot Subroto No. 70, Jakarta Selatan', '081234567916', 'noble.provisions@email.com'),
	(28, 'The Gourmet Pantry', 'Jl. Melawai No. 18, Jakarta Selatan', '081234567917', 'gourmet.pantry@email.com'),
	(29, 'Luxury Taste Distributors', 'Jl. Kuningan No. 25, Jakarta Selatan', '081234567918', 'luxury.taste@email.com'),
	(30, 'Royal Feast Supplies', 'Jl. Pangeran Antasari No. 50, Jakarta Selatan', '081234567919', 'royal.feast@email.com'),
	(31, 'Prestige Food Suppliers', 'Jl. Cipete Raya No. 11, Jakarta Selatan', '081234567920', 'prestige.food@email.com'),
	(32, 'Exclusive Culinary Imports', 'Jl. Senayan No. 8, Jakarta Selatan', '081234567921', 'exclusive.culinary@email.com'),
	(33, 'Grand Chef Provisions', 'Jl. Rasuna Said No. 12, Jakarta Selatan', '081234567922', 'grand.chef@email.com'),
	(34, 'Fine Dining Distributors', 'Jl. Menteng No. 21, Jakarta Pusat', '081234567923', 'fine.dining@email.com'),
	(35, 'Gastronomy Suppliers Co.', 'Jl. Gunawarman No. 33, Jakarta Selatan', '081234567924', 'gastronomy.suppliers@email.com'),
	(36, 'Epicurean Essentials', 'Jl. Dharmawangsa No. 45, Jakarta Selatan', '081234567925', 'epicurean.essentials@email.com'),
	(37, 'Sublime Ingredients Inc.', 'Jl. Cikini No. 14, Jakarta Pusat', '081234567926', 'sublime.ingredients@email.com'),
	(38, 'Luxe Culinary Supply', 'Jl. Blora No. 29, Jakarta Pusat', '081234567927', 'luxe.culinary@email.com'),
	(39, 'Gourmet Select Ltd.', 'Jl. Pasar Minggu No. 5, Jakarta Selatan', '081234567928', 'gourmet.select@email.com'),
	(40, 'Elegant Provisions', 'Jl. Cilandak Barat No. 17, Jakarta Selatan', '081234567929', 'elegant.provisions@email.com'),
	(41, 'Culinary Prestige', 'Jl. Tebet No. 10, Jakarta Selatan', '081234567930', 'culinary.prestige@email.com'),
	(42, 'Chef’s Choice Supplies', 'Jl. Kemayoran No. 50, Jakarta Pusat', '081234567931', 'chefs.choice@email.com'),
	(43, 'Deluxe Food Partners', 'Jl. Salemba No. 25, Jakarta Pusat', '081234567932', 'deluxe.food@email.com'),
	(44, 'Sovereign Ingredients', 'Jl. Grogol No. 33, Jakarta Barat', '081234567933', 'sovereign.ingredients@email.com'),
	(45, 'Signature Gourmet', 'Jl. Palmerah No. 40, Jakarta Barat', '081234567934', 'signature.gourmet@email.com'),
	(46, 'Prestigious Food Co.', 'Jl. Mangga Dua No. 60, Jakarta Utara', '081234567935', 'prestigious.food@email.com'),
	(47, 'Imperial Food Traders', 'Jl. Ancol No. 72, Jakarta Utara', '081234567936', 'imperial.food@email.com'),
	(48, 'Luxury Harvest Supplies', 'Jl. Cipinang No. 28, Jakarta Timur', '081234567937', 'luxury.harvest@email.com'),
	(49, 'Exquisite Food Importers', 'Jl. Cawang No. 35, Jakarta Timur', '081234567938', 'exquisite.food@email.com'),
	(50, 'Grand Gourmet Distribution', 'Jl. Pulomas No. 15, Jakarta Timur', '081234567939', 'grand.gourmet@email.com'),
	(51, 'Royal Provisions Ltd.', 'Jl. Kemayoran No. 18, Jakarta Pusat', '081234567940', 'royal.provisions@email.com'),
	(52, 'The Luxe Food Co.', 'Jl. Senayan No. 27, Jakarta Selatan', '081234567941', 'luxe.food@email.com'),
	(53, 'Premium Culinary Supply', 'Jl. Gatot Subroto No. 40, Jakarta Selatan', '081234567942', 'premium.culinary@email.com'),
	(54, 'Majestic Food Imports', 'Jl. Rasuna Said No. 70, Jakarta Selatan', '081234567943', 'majestic.imports@email.com'),
	(55, 'Elite Dining Suppliers', 'Jl. Menteng No. 33, Jakarta Pusat', '081234567944', 'elite.dining@email.com'),
	(56, 'Gourmet Essentials Ltd.', 'Jl. Gunawarman No. 21, Jakarta Selatan', '081234567945', 'gourmet.essentials@email.com'),
	(57, 'Luxe Provisions Co.', 'Jl. Dharmawangsa No. 12, Jakarta Selatan', '081234567946', 'luxe.provisions@email.com'),
	(58, 'Fine Gourmet Traders', 'Jl. Cikini No. 50, Jakarta Pusat', '081234567947', 'fine.gourmet@email.com'),
	(59, 'Exclusive Food Supplies', 'Jl. Blora No. 22, Jakarta Pusat', '081234567948', 'exclusive.food@email.com'),
	(60, 'Sublime Culinary Ltd.', 'Jl. Pasar Minggu No. 30, Jakarta Selatan', '081234567949', 'sublime.culinary@email.com'),
	(61, 'Opulent Gourmet Supply', 'Jl. Cilandak Barat No. 7, Jakarta Selatan', '081234567950', 'opulent.gourmet@email.com'),
	(62, 'Prestige Food Traders', 'Jl. Tebet No. 45, Jakarta Selatan', '081234567951', 'prestige.food@email.com'),
	(63, 'Royal Harvest Supplies', 'Jl. Kemayoran No. 3, Jakarta Pusat', '081234567952', 'royal.harvest@email.com'),
	(64, 'Grand Provisions Co.', 'Jl. Salemba No. 18, Jakarta Pusat', '081234567953', 'grand.provisions@email.com'),
	(65, 'Luxury Ingredients Ltd.', 'Jl. Grogol No. 28, Jakarta Barat', '081234567954', 'luxury.ingredients@email.com'),
	(66, 'The Gourmet Collective', 'Jl. Palmerah No. 40, Jakarta Barat', '081234567955', 'gourmet.collective@email.com'),
	(67, 'Imperial Culinary Supply', 'Jl. Mangga Dua No. 16, Jakarta Utara', '081234567956', 'imperial.culinary@email.com'),
	(68, 'Sovereign Food Partners', 'Jl. Ancol No. 27, Jakarta Utara', '081234567957', 'sovereign.food@email.com'),
	(69, 'Exclusive Harvest Co.', 'Jl. Cipinang No. 12, Jakarta Timur', '081234567958', 'exclusive.harvest@email.com'),
	(70, 'Premier Gourmet Imports', 'Jl. Cawang No. 21, Jakarta Timur', '081234567959', 'premier.gourmet@email.com'),
	(71, 'Noble Culinary Traders', 'Jl. Pulomas No. 35, Jakarta Timur', '081234567960', 'noble.culinary@email.com'),
	(72, 'The Elite Pantry', 'Jl. Kemayoran No. 11, Jakarta Pusat', '081234567961', 'elite.pantry@email.com'),
	(73, 'Fine Dining Essentials', 'Jl. Senayan No. 15, Jakarta Selatan', '081234567962', 'fine.dining@email.com'),
	(74, 'Luxury Feast Distributors', 'Jl. Gatot Subroto No. 50, Jakarta Selatan', '081234567963', 'luxury.feast@email.com'),
	(75, 'Royal Provisions Co.', 'Jl. Rasuna Said No. 12, Jakarta Selatan', '081234567964', 'royal.provisions@email.com'),
	(76, 'Gourmet Select Traders', 'Jl. Menteng No. 27, Jakarta Pusat', '081234567965', 'gourmet.select@email.com'),
	(77, 'Prestige Culinary Imports', 'Jl. Gunawarman No. 33, Jakarta Selatan', '081234567966', 'prestige.culinary@email.com'),
	(78, 'Sublime Food Co.', 'Jl. Dharmawangsa No. 8, Jakarta Selatan', '081234567967', 'sublime.food@email.com'),
	(79, 'Exclusive Gourmet Ltd.', 'Jl. Cikini No. 45, Jakarta Pusat', '081234567968', 'exclusive.gourmet@email.com'),
	(80, 'Opulent Dining Supplies', 'Jl. Blora No. 20, Jakarta Pusat', '081234567969', 'opulent.dining@email.com'),
	(81, 'Luxury Food Collective', 'Jl. Pasar Minggu No. 10, Jakarta Selatan', '081234567970', 'luxury.food.collective@email.com'),
	(82, 'Grand Culinary Traders', 'Jl. Cilandak Barat No. 25, Jakarta Selatan', '081234567971', 'grand.culinary@email.com'),
	(83, 'Elite Gourmet Partners', 'Jl. Tebet No. 15, Jakarta Selatan', '081234567972', 'elite.gourmet@email.com'),
	(84, 'Prestigious Food Imports', 'Jl. Kemayoran No. 60, Jakarta Pusat', '081234567973', 'prestigious.food@email.com'),
	(85, 'Fine Harvest Ltd.', 'Jl. Salemba No. 8, Jakarta Pusat', '081234567974', 'fine.harvest@email.com'),
	(86, 'Imperial Food Collective', 'Jl. Grogol No. 33, Jakarta Barat', '081234567975', 'imperial.food.collective@email.com'),
	(87, 'Sovereign Gourmet Traders', 'Jl. Palmerah No. 12, Jakarta Barat', '081234567976', 'sovereign.gourmet@email.com'),
	(88, 'Noble Dining Supplies', 'Jl. Mangga Dua No. 30, Jakarta Utara', '081234567977', 'noble.dining@email.com'),
	(89, 'The Luxe Pantry', 'Jl. Ancol No. 18, Jakarta Utara', '081234567978', 'luxe.pantry@email.com'),
	(90, 'Premier Culinary Imports', 'Jl. Cipinang No. 40, Jakarta Timur', '081234567979', 'premier.culinary@email.com'),
	(91, 'Opulent Food Partners', 'Jl. Cawang No. 27, Jakarta Timur', '081234567980', 'opulent.food@email.com'),
	(92, 'Royal Harvest Ltd.', 'Jl. Pulomas No. 7, Jakarta Timur', '081234567981', 'royal.harvest@email.com'),
	(93, 'Luxury Provisions Co.', 'Jl. Kemayoran No. 22, Jakarta Pusat', '081234567982', 'luxury.provisions@email.com'),
	(94, 'Grand Gourmet Collective', 'Jl. Senayan No. 18, Jakarta Selatan', '081234567983', 'grand.gourmet.collective@email.com'),
	(95, 'Prestige Culinary Partners', 'Jl. Gatot Subroto No. 25, Jakarta Selatan', '081234567984', 'prestige.culinary.partners@email.com'),
	(96, 'Elite Food Traders', 'Jl. Rasuna Said No. 33, Jakarta Selatan', '081234567985', 'elite.food.traders@email.com'),
	(97, 'Fine Dining Collective', 'Jl. Menteng No. 20, Jakarta Pusat', '081234567986', 'fine.dining.collective@email.com'),
	(98, 'Sublime Gourmet Ltd.', 'Jl. Gunawarman No. 10, Jakarta Selatan', '081234567987', 'sublime.gourmet@email.com'),
	(99, 'Exclusive Culinary Co.', 'Jl. Dharmawangsa No. 5, Jakarta Selatan', '081234567988', 'exclusive.culinary@email.com'),
	(100, 'Opulent Food Imports', 'Jl. Cikini No. 38, Jakarta Pusat', '081234567989', 'opulent.food.imports@email.com');

/*!40103 SET TIME_ZONE=IFNULL(@OLD_TIME_ZONE, 'system') */;
/*!40101 SET SQL_MODE=IFNULL(@OLD_SQL_MODE, '') */;
/*!40014 SET FOREIGN_KEY_CHECKS=IFNULL(@OLD_FOREIGN_KEY_CHECKS, 1) */;
/*!40101 SET CHARACTER_SET_CLIENT=@OLD_CHARACTER_SET_CLIENT */;
/*!40111 SET SQL_NOTES=IFNULL(@OLD_SQL_NOTES, 1) */;
