-- --------------------------------------------------------
-- Host:                         127.0.0.1
-- Server version:               10.4.32-MariaDB - mariadb.org binary distribution
-- Server OS:                    Win64
-- HeidiSQL Version:             12.10.0.7000
-- --------------------------------------------------------

/*!40101 SET @OLD_CHARACTER_SET_CLIENT=@@CHARACTER_SET_CLIENT */;
/*!40101 SET NAMES utf8 */;
/*!50503 SET NAMES utf8mb4 */;
/*!40103 SET @OLD_TIME_ZONE=@@TIME_ZONE */;
/*!40103 SET TIME_ZONE='+00:00' */;
/*!40014 SET @OLD_FOREIGN_KEY_CHECKS=@@FOREIGN_KEY_CHECKS, FOREIGN_KEY_CHECKS=0 */;
/*!40101 SET @OLD_SQL_MODE=@@SQL_MODE, SQL_MODE='NO_AUTO_VALUE_ON_ZERO' */;
/*!40111 SET @OLD_SQL_NOTES=@@SQL_NOTES, SQL_NOTES=0 */;


-- Dumping database structure for restoran_mevvah
CREATE DATABASE IF NOT EXISTS `restoran_mevvah` /*!40100 DEFAULT CHARACTER SET utf8mb4 COLLATE utf8mb4_general_ci */;
USE `restoran_mevvah`;

-- Dumping structure for table restoran_mevvah.table_bahan_baku
CREATE TABLE IF NOT EXISTS `table_bahan_baku` (
  `id_bahan` int(11) NOT NULL AUTO_INCREMENT,
  `nama_bahan` varchar(100) NOT NULL,
  `kategori_bahan` enum('protein','sayuran','rempah','buah','karbohidrat','dairy','seafood','bumbu mewah','herbal') NOT NULL,
  `stok` decimal(10,2) NOT NULL,
  `satuan` enum('kilogram','gram','liter','bungkus') NOT NULL,
  `harga_per_unit` decimal(10,2) NOT NULL,
  `id_supplier` int(11) NOT NULL,
  PRIMARY KEY (`id_bahan`),
  KEY `id_supplier` (`id_supplier`),
  CONSTRAINT `table_bahan_baku_ibfk_1` FOREIGN KEY (`id_supplier`) REFERENCES `table_supplier` (`id_supplier`),
  CONSTRAINT `chk_harga_per_unit` CHECK (`harga_per_unit` > 0)
) ENGINE=InnoDB AUTO_INCREMENT=81 DEFAULT CHARSET=utf8mb4 COLLATE=utf8mb4_general_ci;

-- Dumping data for table restoran_mevvah.table_bahan_baku: ~50 rows (approximately)
INSERT INTO `table_bahan_baku` (`id_bahan`, `nama_bahan`, `kategori_bahan`, `stok`, `satuan`, `harga_per_unit`, `id_supplier`) VALUES
	(31, 'Daging Sapi Premium', 'protein', 120.50, 'kilogram', 120000.00, 31),
	(32, 'Daging Ayam Fillet', 'protein', 200.00, 'kilogram', 75000.00, 32),
	(33, 'Wortel', 'sayuran', 150.00, 'kilogram', 15000.00, 33),
	(34, 'Bawang Merah', 'rempah', 100.00, 'kilogram', 18000.00, 34),
	(35, 'Apel Fuji', 'buah', 80.00, 'kilogram', 30000.00, 35),
	(36, 'Beras Premium', 'karbohidrat', 500.00, 'kilogram', 14000.00, 36),
	(37, 'Keju Parmesan', 'dairy', 20.00, 'kilogram', 90000.00, 37),
	(38, 'Udang Galah', 'seafood', 50.00, 'kilogram', 135000.00, 38),
	(39, 'Truffle Hitam', 'bumbu mewah', 2.00, 'kilogram', 500000.00, 39),
	(40, 'Daun Mint Segar', 'herbal', 5.00, 'kilogram', 25000.00, 40),
	(41, 'Salmon Fillet', 'seafood', 60.00, 'kilogram', 150000.00, 41),
	(42, 'Bayam', 'sayuran', 100.00, 'kilogram', 10000.00, 42),
	(43, 'Tomat Ceri', 'sayuran', 75.00, 'kilogram', 20000.00, 43),
	(44, 'Anggur Merah', 'buah', 40.00, 'kilogram', 45000.00, 44),
	(45, 'Pasta Spaghetti', 'karbohidrat', 250.00, 'kilogram', 30000.00, 45),
	(46, 'Susu Full Cream', 'dairy', 100.00, 'liter', 18000.00, 46),
	(47, 'Kepiting', 'seafood', 30.00, 'kilogram', 130000.00, 47),
	(48, 'Cokelat Bubuk Belgia', 'bumbu mewah', 10.00, 'kilogram', 85000.00, 48),
	(49, 'Daun Basil', 'herbal', 8.00, 'kilogram', 22000.00, 49),
	(50, 'Daging Kambing', 'protein', 90.00, 'kilogram', 95000.00, 50),
	(51, 'Selada Romaine', 'sayuran', 60.00, 'kilogram', 12000.00, 31),
	(52, 'Bawang Putih', 'rempah', 110.00, 'kilogram', 20000.00, 32),
	(53, 'Jeruk Mandarin', 'buah', 85.00, 'kilogram', 32000.00, 33),
	(54, 'Kentang', 'karbohidrat', 300.00, 'kilogram', 10000.00, 34),
	(55, 'Krim Kental', 'dairy', 40.00, 'liter', 50000.00, 35),
	(56, 'Ikan Tuna', 'seafood', 70.00, 'kilogram', 145000.00, 36),
	(57, 'Saffron', 'bumbu mewah', 0.50, 'gram', 100000.00, 37),
	(58, 'Thyme Kering', 'herbal', 2.00, 'kilogram', 30000.00, 38),
	(59, 'Telur Ayam Organik', 'protein', 100.00, 'kilogram', 27000.00, 39),
	(60, 'Kubis', 'sayuran', 120.00, 'kilogram', 9000.00, 40),
	(61, 'Jahe', 'rempah', 50.00, 'kilogram', 15000.00, 41),
	(62, 'Pisang Ambon', 'buah', 60.00, 'kilogram', 18000.00, 42),
	(63, 'Roti Burger', 'karbohidrat', 100.00, 'bungkus', 12000.00, 43),
	(64, 'Keju Cheddar', 'dairy', 70.00, 'kilogram', 60000.00, 44),
	(65, 'Cumi-cumi', 'seafood', 45.00, 'kilogram', 110000.00, 45),
	(66, 'Minyak Zaitun Extra Virgin', 'bumbu mewah', 25.00, 'liter', 75000.00, 46),
	(67, 'Oregano Kering', 'herbal', 3.00, 'kilogram', 28000.00, 47),
	(68, 'Daging Bebek', 'protein', 50.00, 'kilogram', 130000.00, 48),
	(69, 'Paprika Merah', 'sayuran', 90.00, 'kilogram', 22000.00, 49),
	(70, 'Kayu Manis', 'rempah', 12.00, 'kilogram', 25000.00, 50),
	(71, 'Mangga Harum Manis', 'buah', 70.00, 'kilogram', 27000.00, 31),
	(72, 'Spaghetti Wholegrain', 'karbohidrat', 200.00, 'kilogram', 33000.00, 32),
	(73, 'Yogurt Plain', 'dairy', 35.00, 'liter', 25000.00, 33),
	(74, 'Lobster Air Tawar', 'seafood', 15.00, 'kilogram', 200000.00, 34),
	(75, 'Keju Blue Cheese', 'bumbu mewah', 5.00, 'kilogram', 100000.00, 35),
	(76, 'Rosemary Segar', 'herbal', 6.00, 'kilogram', 23000.00, 36),
	(77, 'Ikan Dori', 'seafood', 60.00, 'kilogram', 120000.00, 37),
	(78, 'Santan Kental', 'dairy', 30.00, 'liter', 22000.00, 38),
	(79, 'Roti Tawar Gandum', 'karbohidrat', 150.00, 'bungkus', 14000.00, 39),
	(80, 'Kacang Kenari', 'protein', 20.00, 'kilogram', 75000.00, 40);

-- Dumping structure for table restoran_mevvah.table_detail_pesanan
CREATE TABLE IF NOT EXISTS `table_detail_pesanan` (
  `id_detail` int(11) NOT NULL AUTO_INCREMENT,
  `id_pesanan` int(11) NOT NULL,
  `id_menu` int(11) NOT NULL,
  `jumlah_pesanan` int(11) NOT NULL,
  `catatan` text DEFAULT NULL,
  `id_pegawai` int(11) NOT NULL,
  PRIMARY KEY (`id_detail`),
  KEY `id_pesanan` (`id_pesanan`),
  KEY `id_menu` (`id_menu`),
  KEY `id_pegawai` (`id_pegawai`),
  CONSTRAINT `table_detail_pesanan_ibfk_1` FOREIGN KEY (`id_pesanan`) REFERENCES `table_pesanan` (`id_pesanan`),
  CONSTRAINT `table_detail_pesanan_ibfk_2` FOREIGN KEY (`id_menu`) REFERENCES `table_menu` (`id_menu`),
  CONSTRAINT `table_detail_pesanan_ibfk_3` FOREIGN KEY (`id_pegawai`) REFERENCES `table_pegawai` (`id_pegawai`),
  CONSTRAINT `chk_jumlah_pesanan` CHECK (`jumlah_pesanan` > 0)
) ENGINE=InnoDB AUTO_INCREMENT=61 DEFAULT CHARSET=utf8mb4 COLLATE=utf8mb4_general_ci;

-- Dumping data for table restoran_mevvah.table_detail_pesanan: ~60 rows (approximately)
INSERT INTO `table_detail_pesanan` (`id_detail`, `id_pesanan`, `id_menu`, `jumlah_pesanan`, `catatan`, `id_pegawai`) VALUES
	(1, 1001, 1, 2, 'Tanpa saus', 1),
	(2, 1002, 5, 1, NULL, 2),
	(3, 1003, 14, 1, 'Tambah keju', 3),
	(4, 1004, 4, 3, NULL, 4),
	(5, 1005, 2, 1, NULL, 5),
	(6, 1006, 7, 2, 'Tanpa gula', 6),
	(7, 1007, 8, 1, NULL, 7),
	(8, 1008, 11, 1, NULL, 8),
	(9, 1009, 9, 1, NULL, 10),
	(10, 1010, 3, 2, 'Dinginkan', 11),
	(11, 1011, 6, 1, NULL, 12),
	(12, 1012, 12, 1, NULL, 13),
	(13, 1013, 15, 1, 'Tambahkan wasabi', 14),
	(14, 1014, 10, 2, NULL, 15),
	(15, 1015, 13, 1, NULL, 16),
	(16, 1016, 18, 2, 'Ekstra foam', 17),
	(17, 1017, 20, 1, NULL, 18),
	(18, 1018, 21, 2, NULL, 20),
	(19, 1019, 19, 1, NULL, 21),
	(20, 1020, 17, 2, 'Lebih pedas', 22),
	(21, 1021, 22, 1, NULL, 23),
	(22, 1022, 23, 1, NULL, 24),
	(23, 1023, 24, 1, NULL, 25),
	(24, 1024, 26, 2, NULL, 26),
	(25, 1025, 27, 1, 'Hangatkan', 27),
	(26, 1026, 28, 2, NULL, 28),
	(27, 1027, 29, 1, NULL, 29),
	(28, 1028, 30, 1, NULL, 30),
	(29, 1029, 31, 2, 'Dinginkan', 1),
	(30, 1030, 32, 1, NULL, 2),
	(31, 1031, 33, 1, NULL, 3),
	(32, 1032, 34, 2, NULL, 4),
	(33, 1033, 35, 1, NULL, 5),
	(34, 1034, 36, 1, NULL, 6),
	(35, 1035, 37, 2, 'Tambahkan berry', 7),
	(36, 1036, 38, 1, NULL, 8),
	(37, 1037, 39, 1, NULL, 9),
	(38, 1038, 40, 1, NULL, 10),
	(39, 1039, 41, 1, NULL, 11),
	(40, 1040, 42, 2, NULL, 12),
	(41, 1041, 43, 1, 'Red wine dingin', 13),
	(42, 1042, 44, 1, NULL, 14),
	(43, 1043, 45, 1, NULL, 15),
	(44, 1044, 46, 1, NULL, 16),
	(45, 1045, 47, 1, NULL, 17),
	(46, 1046, 48, 2, 'Double scoop', 18),
	(47, 1047, 49, 1, NULL, 20),
	(48, 1048, 50, 1, NULL, 21),
	(49, 1049, 51, 2, NULL, 22),
	(50, 1050, 52, 1, NULL, 23),
	(51, 1051, 53, 1, NULL, 24),
	(52, 1052, 54, 1, NULL, 25),
	(53, 1053, 55, 1, NULL, 26),
	(54, 1054, 56, 2, NULL, 27),
	(55, 1055, 57, 1, NULL, 28),
	(56, 1056, 58, 1, NULL, 29),
	(57, 1057, 59, 1, NULL, 30),
	(58, 1058, 60, 1, NULL, 1),
	(59, 1059, 1, 2, NULL, 2),
	(60, 1060, 2, 1, 'Ekstra saus', 3);

-- Dumping structure for table restoran_mevvah.table_diskon
CREATE TABLE IF NOT EXISTS `table_diskon` (
  `id_diskon` int(11) NOT NULL AUTO_INCREMENT,
  `nama_diskon` varchar(100) NOT NULL,
  `kriteria` enum('loyal','event_khusus','hari_raya') NOT NULL,
  `nilai_diskon_%` decimal(5,2) NOT NULL,
  `tanggal_mulai` date NOT NULL,
  `tanggal_selesai` date DEFAULT NULL,
  `deskripsi` text DEFAULT NULL,
  PRIMARY KEY (`id_diskon`),
  CONSTRAINT `chk_max_diskon` CHECK (`nilai_diskon_%` <= 100.00)
) ENGINE=InnoDB AUTO_INCREMENT=31 DEFAULT CHARSET=utf8mb4 COLLATE=utf8mb4_general_ci;

-- Dumping data for table restoran_mevvah.table_diskon: ~30 rows (approximately)
INSERT INTO `table_diskon` (`id_diskon`, `nama_diskon`, `kriteria`, `nilai_diskon_%`, `tanggal_mulai`, `tanggal_selesai`, `deskripsi`) VALUES
	(1, 'Diskon 10%', 'loyal', 10.00, '2023-04-01', '2023-04-30', 'Diskon 10% untuk pelanggan setia.'),
	(2, 'Diskon Hari Raya', 'hari_raya', 15.00, '2023-04-01', '2023-04-25', 'Diskon spesial Hari Raya.'),
	(3, 'Diskon 20%', 'event_khusus', 20.00, '2023-04-15', '2023-04-20', 'Diskon khusus untuk event tahunan.'),
	(4, 'Diskon 5%', 'loyal', 5.00, '2023-04-05', '2023-04-15', 'Diskon untuk pelanggan yang sering datang.'),
	(5, 'Diskon 30%', 'event_khusus', 30.00, '2023-04-10', '2023-04-14', 'Diskon untuk acara spesial.'),
	(6, 'Diskon Ramadhan', 'hari_raya', 25.00, '2023-03-20', '2023-04-20', 'Diskon khusus bulan Ramadhan.'),
	(7, 'Diskon VIP Member', 'loyal', 12.50, '2023-04-15', '2023-05-15', 'Untuk pelanggan VIP.'),
	(8, 'Diskon Ulang Tahun', 'event_khusus', 20.00, '2023-05-01', '2023-05-07', 'Promo ulang tahun pelanggan.'),
	(9, 'Diskon 50%', 'event_khusus', 50.00, '2023-05-10', '2023-05-12', 'Diskon gila-gilaan selama 3 hari.'),
	(10, 'Diskon Lebaran', 'hari_raya', 30.00, '2023-04-25', '2023-05-05', 'Diskon spesial Hari Raya Idul Fitri.'),
	(11, 'Diskon Merdeka', 'event_khusus', 17.00, '2023-08-01', '2023-08-31', 'Diskon memperingati Hari Kemerdekaan.'),
	(12, 'Diskon HUT Resto', 'event_khusus', 25.00, '2023-09-10', '2023-09-15', 'Diskon ulang tahun restoran.'),
	(13, 'Diskon Natal', 'hari_raya', 20.00, '2023-12-20', '2023-12-26', 'Diskon spesial Natal.'),
	(14, 'Diskon Tahun Baru', 'hari_raya', 30.00, '2023-12-30', '2024-01-05', 'Diskon spesial Tahun Baru.'),
	(15, 'Diskon Member Gold', 'loyal', 15.00, '2023-06-01', '2023-06-30', 'Untuk pelanggan Gold Member.'),
	(16, 'Diskon Flash Sale', 'event_khusus', 40.00, '2023-07-15', '2023-07-15', 'Flash sale satu hari penuh.'),
	(17, 'Diskon Ramadan Spesial', 'hari_raya', 10.00, '2024-03-01', '2024-04-10', 'Diskon sepanjang bulan Ramadhan.'),
	(18, 'Diskon Weekend', 'loyal', 8.00, '2023-10-01', '2023-10-31', 'Diskon setiap akhir pekan.'),
	(19, 'Diskon Gajian', 'event_khusus', 20.00, '2023-11-25', '2023-11-30', 'Diskon akhir bulan.'),
	(20, 'Diskon Musim Hujan', 'event_khusus', 12.00, '2023-12-01', '2023-12-15', 'Diskon untuk musim hujan.'),
	(21, 'Diskon Akhir Tahun', 'event_khusus', 35.00, '2023-12-26', '2023-12-31', 'Penutupan tahun dengan diskon besar.'),
	(22, 'Diskon Hari Kasih Sayang', 'event_khusus', 14.00, '2024-02-14', '2024-02-14', 'Diskon spesial Valentine.'),
	(23, 'Diskon Imlek', 'hari_raya', 22.00, '2024-02-01', '2024-02-10', 'Diskon Tahun Baru Imlek.'),
	(24, 'Diskon Member Platinum', 'loyal', 20.00, '2023-10-01', '2023-11-01', 'Pelanggan Platinum mendapat potongan spesial.'),
	(25, 'Diskon Awal Tahun', 'hari_raya', 15.00, '2024-01-01', '2024-01-10', 'Diskon menyambut tahun baru.'),
	(26, 'Diskon Reuni Alumni', 'event_khusus', 18.00, '2023-09-20', '2023-09-22', 'Promo reuni sekolah/kampus.'),
	(27, 'Diskon Promo Sosmed', 'event_khusus', 10.00, '2023-06-15', '2023-06-20', 'Diskon khusus follower media sosial.'),
	(28, 'Diskon Hujan Emas', 'event_khusus', 45.00, '2023-11-10', '2023-11-12', 'Diskon kilat selama 3 hari.'),
	(29, 'Diskon Pelanggan Baru', 'loyal', 5.00, '2023-07-01', '2023-07-15', 'Diskon untuk pelanggan baru daftar.'),
	(30, 'Diskon Hari Kartini', 'hari_raya', 21.00, '2023-04-21', '2023-04-21', 'Diskon khusus Hari Kartini.');

-- Dumping structure for table restoran_mevvah.table_laporan_keuangan
CREATE TABLE IF NOT EXISTS `table_laporan_keuangan` (
  `id_laporan` int(11) NOT NULL AUTO_INCREMENT,
  `bulan` enum('Januari','Februari','Maret','April','Mei','Juni','Juli','Agustus','September','Oktober','November','Desember') NOT NULL,
  `tahun` smallint(4) NOT NULL,
  `id_manager` int(11) NOT NULL,
  `total_pendapatan` decimal(12,2) NOT NULL,
  `total_pengeluaran` decimal(12,2) NOT NULL,
  `laba_bersih` decimal(12,2) NOT NULL,
  `total_diskon` decimal(5,2) NOT NULL,
  `jumlah_pesanan` int(11) NOT NULL,
  `tanggal_dibuat` date NOT NULL,
  PRIMARY KEY (`id_laporan`),
  KEY `id_manager` (`id_manager`),
  CONSTRAINT `table_laporan_keuangan_ibfk_1` FOREIGN KEY (`id_manager`) REFERENCES `table_pegawai` (`id_pegawai`),
  CONSTRAINT `chk_total_diskon` CHECK (`total_diskon` <= 100.00)
) ENGINE=InnoDB AUTO_INCREMENT=43 DEFAULT CHARSET=utf8mb4 COLLATE=utf8mb4_general_ci;

-- Dumping data for table restoran_mevvah.table_laporan_keuangan: ~12 rows (approximately)
INSERT INTO `table_laporan_keuangan` (`id_laporan`, `bulan`, `tahun`, `id_manager`, `total_pendapatan`, `total_pengeluaran`, `laba_bersih`, `total_diskon`, `jumlah_pesanan`, `tanggal_dibuat`) VALUES
	(31, 'Januari', 2023, 19, 1500000.00, 1050000.00, 450000.00, 10.00, 25, '2023-01-31'),
	(32, 'Februari', 2023, 19, 1800000.00, 1260000.00, 540000.00, 12.00, 30, '2023-02-28'),
	(33, 'Maret', 2023, 19, 2000000.00, 1400000.00, 600000.00, 8.00, 32, '2023-03-31'),
	(34, 'April', 2023, 19, 2500000.00, 1800000.00, 700000.00, 15.00, 40, '2023-04-30'),
	(35, 'Mei', 2023, 19, 2200000.00, 1600000.00, 600000.00, 9.50, 38, '2023-05-31'),
	(36, 'Juni', 2023, 19, 2600000.00, 1900000.00, 700000.00, 11.00, 42, '2023-06-30'),
	(37, 'Juli', 2023, 19, 3000000.00, 2100000.00, 900000.00, 13.00, 45, '2023-07-31'),
	(38, 'Agustus', 2023, 19, 2800000.00, 1960000.00, 840000.00, 10.00, 44, '2023-08-31'),
	(39, 'September', 2023, 19, 2700000.00, 1890000.00, 810000.00, 12.50, 43, '2023-09-30'),
	(40, 'Oktober', 2023, 19, 2900000.00, 2030000.00, 870000.00, 14.00, 46, '2023-10-31'),
	(41, 'November', 2023, 19, 3100000.00, 2170000.00, 930000.00, 15.00, 48, '2023-11-30'),
	(42, 'Desember', 2023, 19, 3500000.00, 2450000.00, 1050000.00, 20.00, 50, '2023-12-31');

-- Dumping structure for table restoran_mevvah.table_meja
CREATE TABLE IF NOT EXISTS `table_meja` (
  `id_meja` int(11) NOT NULL AUTO_INCREMENT,
  `nomor_meja` varchar(10) NOT NULL,
  `kapasitas` tinyint(2) NOT NULL,
  `tipe_meja` enum('VIP','Reguler','Outdoor','Private Room') NOT NULL,
  `status` enum('booked','available','occupied') NOT NULL DEFAULT 'available',
  PRIMARY KEY (`id_meja`)
) ENGINE=InnoDB AUTO_INCREMENT=31 DEFAULT CHARSET=utf8mb4 COLLATE=utf8mb4_general_ci;

-- Dumping data for table restoran_mevvah.table_meja: ~30 rows (approximately)
INSERT INTO `table_meja` (`id_meja`, `nomor_meja`, `kapasitas`, `tipe_meja`, `status`) VALUES
	(1, 'M1', 4, 'Reguler', 'available'),
	(2, 'M2', 2, 'VIP', 'available'),
	(3, 'M3', 6, 'Outdoor', 'available'),
	(4, 'M4', 8, 'Private Room', 'available'),
	(5, 'M5', 4, 'Reguler', 'available'),
	(6, 'M6', 2, 'VIP', 'available'),
	(7, 'M7', 6, 'Outdoor', 'available'),
	(8, 'M8', 8, 'Private Room', 'available'),
	(9, 'M9', 4, 'Reguler', 'available'),
	(10, 'M10', 2, 'VIP', 'available'),
	(11, 'M11', 6, 'Outdoor', 'available'),
	(12, 'M12', 8, 'Private Room', 'available'),
	(13, 'M13', 4, 'Reguler', 'available'),
	(14, 'M14', 2, 'VIP', 'available'),
	(15, 'M15', 6, 'Outdoor', 'available'),
	(16, 'M16', 8, 'Private Room', 'available'),
	(17, 'M17', 4, 'Reguler', 'available'),
	(18, 'M18', 2, 'VIP', 'available'),
	(19, 'M19', 6, 'Outdoor', 'available'),
	(20, 'M20', 8, 'Private Room', 'available'),
	(21, 'M21', 4, 'Reguler', 'available'),
	(22, 'M22', 2, 'VIP', 'available'),
	(23, 'M23', 6, 'Outdoor', 'available'),
	(24, 'M24', 8, 'Private Room', 'available'),
	(25, 'M25', 4, 'Reguler', 'available'),
	(26, 'M26', 2, 'VIP', 'available'),
	(27, 'M27', 6, 'Outdoor', 'available'),
	(28, 'M28', 8, 'Private Room', 'available'),
	(29, 'M29', 4, 'Reguler', 'available'),
	(30, 'M30', 2, 'VIP', 'available');

-- Dumping structure for table restoran_mevvah.table_menu
CREATE TABLE IF NOT EXISTS `table_menu` (
  `id_menu` int(11) NOT NULL AUTO_INCREMENT,
  `nama_menu` varchar(100) NOT NULL,
  `kategori` enum('makanan pembuka','hidangan utama','makanan penutup','snack','kopi','teh','jus','mocktail','wine','cocktail','champagne','air mineral') NOT NULL,
  `harga` decimal(10,2) NOT NULL,
  `ketersediaan` enum('tersedia','habis') NOT NULL,
  `deskripsi` text DEFAULT NULL,
  PRIMARY KEY (`id_menu`)
) ENGINE=InnoDB AUTO_INCREMENT=61 DEFAULT CHARSET=utf8mb4 COLLATE=utf8mb4_general_ci;

-- Dumping data for table restoran_mevvah.table_menu: ~60 rows (approximately)
INSERT INTO `table_menu` (`id_menu`, `nama_menu`, `kategori`, `harga`, `ketersediaan`, `deskripsi`) VALUES
	(1, 'Salad Caesar', 'makanan pembuka', 50000.00, 'tersedia', 'Salad segar dengan saus Caesar khas restoran'),
	(2, 'Spaghetti Carbonara', 'hidangan utama', 80000.00, 'tersedia', 'Spaghetti dengan saus krim dan daging asap'),
	(3, 'Tiramisu', 'makanan penutup', 60000.00, 'tersedia', 'Kue lapis kopi dengan mascarpone dan cokelat'),
	(4, 'French Fries', 'snack', 30000.00, 'tersedia', 'Kentang goreng renyah dengan bumbu rahasia'),
	(5, 'Espresso', 'kopi', 25000.00, 'tersedia', 'Kopi hitam pekat yang disajikan panas'),
	(6, 'Teh Tarik', 'teh', 20000.00, 'tersedia', 'Teh susu yang ditarik untuk menghasilkan busa'),
	(7, 'Jus Jeruk Segar', 'jus', 35000.00, 'tersedia', 'Jus jeruk segar tanpa tambahan gula'),
	(8, 'Virgin Mojito', 'mocktail', 40000.00, 'tersedia', 'Minuman mint segar tanpa alkohol'),
	(9, 'Red Wine Merlot', 'wine', 150000.00, 'tersedia', NULL),
	(10, 'Mojito Cocktail', 'cocktail', 70000.00, 'tersedia', NULL),
	(11, 'Champagne Brut', 'champagne', 200000.00, 'tersedia', NULL),
	(12, 'Air Mineral Botol Kecil', 'air mineral', 10000.00, 'tersedia', NULL),
	(13, 'Air Mineral Botol Besar', 'air mineral', 15000.00, 'tersedia', NULL),
	(14, 'Pizza Margherita', 'hidangan utama', 90000.00, 'tersedia', 'Pizza dengan saus tomat, mozzarella, dan basil segar'),
	(15, 'Sushi Roll Spesial', 'makanan pembuka', 120000.00, 'tersedia', 'Sushi roll dengan isian ikan segar dan sayuran'),
	(16, 'Panna Cotta', 'makanan penutup', 55000.00, 'tersedia', 'Puding krim Italia yang lembut dengan saus berry'),
	(17, 'Nachos Keju', 'snack', 35000.00, 'tersedia', 'Keripik jagung dengan saus keju leleh'),
	(18, 'Latte Macchiato', 'kopi', 30000.00, 'tersedia', NULL),
	(19, 'Matcha Latte', 'teh', 25000.00, 'tersedia', NULL),
	(20, 'Jus Alpukat Madu', 'jus', 40000.00, 'tersedia', NULL),
	(21, 'Pina Colada Mocktail', 'mocktail', 45000.00, 'tersedia', NULL),
	(22, 'White Wine Chardonnay', 'wine', 160000.00, 'tersedia', NULL),
	(23, 'Bloody Mary Cocktail', 'cocktail', 75000.00, 'tersedia', NULL),
	(24, 'Sparkling Wine', 'champagne', 220000.00, 'tersedia', NULL),
	(25, 'Air Mineral Galon', 'air mineral', 50000.00, 'tersedia', NULL),
	(26, 'Burger Daging Sapi Spesial', 'hidangan utama', 95000.00, 'tersedia', 'Burger dengan daging sapi premium dan saus rahasia'),
	(27, 'Cappuccino', 'kopi', 28000.00, 'tersedia', NULL),
	(28, 'Teh Hijau Jepang', 'teh', 22000.00, 'tersedia', NULL),
	(29, 'Jus Mangga Segar', 'jus', 38000.00, 'tersedia', NULL),
	(30, 'Mojito Strawberry Mocktail', 'mocktail', 48000.00, 'tersedia', NULL),
	(31, 'Rosé Wine', 'wine', 170000.00, 'tersedia', NULL),
	(32, 'Cosmopolitan Cocktail', 'cocktail', 80000.00, 'tersedia', NULL),
	(33, 'Champagne Rosé', 'champagne', 250000.00, 'tersedia', NULL),
	(34, 'Air Mineral Botol Besar Premium', 'air mineral', 20000.00, 'tersedia', NULL),
	(35, 'Salad Quinoa', 'makanan pembuka', 55000.00, 'tersedia', 'Salad sehat dengan quinoa, sayuran segar, dan dressing lemon'),
	(36, 'Risotto Jamur', 'hidangan utama', 85000.00, 'tersedia', 'Risotto krim dengan jamur liar dan parmesan'),
	(37, 'Cheesecake New York', 'makanan penutup', 65000.00, 'tersedia', 'Kue keju klasik dengan dasar biskuit renyah'),
	(38, 'Bruschetta Tomat Basil', 'snack', 40000.00, 'tersedia', 'Roti panggang dengan topping tomat segar dan basil'),
	(39, 'Affogato Espresso', 'kopi', 30000.00, 'tersedia', NULL),
	(40, 'Teh Earl Grey', 'teh', 22000.00, 'tersedia', NULL),
	(41, 'Jus Berry Mix', 'jus', 42000.00, 'tersedia', NULL),
	(42, 'Virgin Piña Colada Mocktail', 'mocktail', 50000.00, 'tersedia', NULL),
	(43, 'Red Wine Cabernet Sauvignon', 'wine', 180000.00, 'tersedia', NULL),
	(44, 'Mai Tai Cocktail', 'cocktail', 85000.00, 'tersedia', NULL),
	(45, 'Champagne Blanc de Blancs', 'champagne', 280000.00, 'tersedia', NULL),
	(46, 'Air Mineral Botol Kecil Premium', 'air mineral', 12000.00, 'tersedia', NULL),
	(47, 'Taco Ayam Pedas', 'hidangan utama', 90000.00, 'tersedia', 'Taco dengan isian ayam pedas, sayuran segar, dan saus salsa'),
	(48, 'Gelato Cokelat', 'makanan penutup', 50000.00, 'tersedia', 'Es krim gelato dengan rasa cokelat yang kaya'),
	(49, 'Popcorn Mentega', 'snack', 25000.00, 'tersedia', 'Popcorn renyah dengan mentega leleh'),
	(50, 'Macchiato Karamel', 'kopi', 32000.00, 'tersedia', NULL),
	(51, 'Teh Herbal Chamomile', 'teh', 20000.00, 'tersedia', NULL),
	(52, 'Jus Nanas Segar', 'jus', 36000.00, 'tersedia', NULL),
	(53, 'Mojito Kiwi Mocktail', 'mocktail', 48000.00, 'tersedia', NULL),
	(54, 'White Wine Sauvignon Blanc', 'wine', 170000.00, 'tersedia', NULL),
	(55, 'Daiquiri Strawberry Cocktail', 'cocktail', 80000.00, 'tersedia', NULL),
	(56, 'Champagne Vintage Brut', 'champagne', 300000.00, 'tersedia', NULL),
	(57, 'Air Mineral Botol Kecil Organik', 'air mineral', 15000.00, 'tersedia', NULL),
	(58, 'Pasta Pesto Ayam', 'hidangan utama', 95000.00, 'tersedia', 'Pasta dengan saus pesto segar dan potongan ayam panggang'),
	(59, 'Brownies Kacang', 'makanan penutup', 60000.00, 'tersedia', 'Brownies cokelat dengan potongan kacang kenari'),
	(60, 'Keripik Tortilla Salsa', 'snack', 30000.00, 'tersedia', 'Keripik tortilla dengan saus salsa pedas');

-- Dumping structure for table restoran_mevvah.table_pegawai
CREATE TABLE IF NOT EXISTS `table_pegawai` (
  `id_pegawai` int(11) NOT NULL AUTO_INCREMENT,
  `nama` varchar(100) NOT NULL,
  `nomor_telepon` varchar(20) NOT NULL,
  `email` varchar(100) NOT NULL,
  `alamat` varchar(255) NOT NULL,
  `tanggal_lahir` date NOT NULL,
  `jenis_kelamin` enum('laki-laki','perempuan') NOT NULL,
  `jabatan` enum('pelayan','kasir','koki','bartender','manager') NOT NULL,
  `tanggal_bergabung` date NOT NULL,
  `status_aktif` enum('aktif','nonaktif') NOT NULL,
  PRIMARY KEY (`id_pegawai`),
  UNIQUE KEY `email` (`email`),
  UNIQUE KEY `unique_nomor_telepon` (`nomor_telepon`)
) ENGINE=InnoDB AUTO_INCREMENT=31 DEFAULT CHARSET=utf8mb4 COLLATE=utf8mb4_general_ci;

-- Dumping data for table restoran_mevvah.table_pegawai: ~30 rows (approximately)
INSERT INTO `table_pegawai` (`id_pegawai`, `nama`, `nomor_telepon`, `email`, `alamat`, `tanggal_lahir`, `jenis_kelamin`, `jabatan`, `tanggal_bergabung`, `status_aktif`) VALUES
	(1, 'Rina Supriyanti', '089876543210', 'rina@resto.com', 'Jalan Mawar No. 10, Jakarta', '1995-01-20', 'perempuan', 'pelayan', '2022-01-10', 'aktif'),
	(2, 'Joko Setiawan', '089765432109', 'joko@resto.com', 'Jalan Anggrek No. 21, Surabaya', '1990-05-15', 'laki-laki', 'bartender', '2020-05-05', 'aktif'),
	(3, 'Lina Wijayanti', '089654321098', 'lina@resto.com', 'Jalan Melati No. 30, Bandung', '1992-10-10', 'perempuan', 'pelayan', '2021-07-20', 'aktif'),
	(4, 'Budi Hartono', '089543210987', 'budi@resto.com', 'Jalan Jati No. 25, Yogyakarta', '1988-12-30', 'laki-laki', 'pelayan', '2018-11-01', 'aktif'),
	(5, 'Agus Santoso', '089432109876', 'agus@resto.com', 'Jalan Cempaka No. 18, Medan', '1993-02-14', 'laki-laki', 'bartender', '2021-08-15', 'aktif'),
	(6, 'Siti Rahmawati', '089321098765', 'siti@resto.com', 'Jalan Sawo No. 6, Jakarta', '1996-03-22', 'perempuan', 'koki', '2023-01-01', 'aktif'),
	(7, 'Daniel Ibrahim', '089210987654', 'daniel@resto.com', 'Jalan Mangga No. 7, Bandung', '1989-08-12', 'laki-laki', 'kasir', '2022-09-01', 'aktif'),
	(8, 'Nur Hidayat', '089109876543', 'nur@resto.com', 'Jalan Apel No. 8, Surabaya', '1991-06-01', 'laki-laki', 'koki', '2021-03-10', 'nonaktif'),
	(9, 'Yuli Astuti', '089098765432', 'yuli@resto.com', 'Jalan Durian No. 9, Medan', '1994-04-18', 'perempuan', 'pelayan', '2022-05-12', 'nonaktif'),
	(10, 'Tommy Hartanto', '089087654321', 'tommy@resto.com', 'Jalan Pisang No. 10, Bali', '1987-11-30', 'laki-laki', 'pelayan', '2019-02-20', 'nonaktif'),
	(11, 'Sandra Wijaya', '081111111111', 'sandra@resto.com', 'Jalan Melati No. 1, Jakarta', '1993-02-10', 'perempuan', 'bartender', '2023-06-01', 'aktif'),
	(12, 'Risa Setyaningsih', '081222222222', 'risa@resto.com', 'Jalan Mawar No. 2, Bandung', '1995-03-15', 'perempuan', 'koki', '2023-07-15', 'aktif'),
	(13, 'Indah Permatasari', '081333333333', 'indah@resto.com', 'Jalan Anggrek No. 3, Surabaya', '1992-04-20', 'perempuan', 'kasir', '2022-11-10', 'aktif'),
	(14, 'Anggi Kusumawati', '081444444444', 'anggi@resto.com', 'Jalan Kenanga No. 4, Bali', '1990-01-05', 'perempuan', 'pelayan', '2022-12-01', 'aktif'),
	(15, 'Chelsea Angelica', '081555555555', 'chelsea@resto.com', 'Jalan Cendana No. 5, Medan', '1994-06-18', 'perempuan', 'bartender', '2023-01-20', 'aktif'),
	(16, 'Airin Pratiwi', '081666666666', 'airin@resto.com', 'Jalan Merpati No. 6, Yogyakarta', '1996-08-25', 'perempuan', 'koki', '2023-03-01', 'aktif'),
	(17, 'Nada Kurniawati', '081777777777', 'nada@resto.com', 'Jalan Turi No. 7, Malang', '1991-09-30', 'perempuan', 'kasir', '2023-02-10', 'aktif'),
	(18, 'Tasya Sabila', '081888888888', 'tasya@resto.com', 'Jalan Pisang No. 8, Semarang', '1995-10-05', 'perempuan', 'pelayan', '2022-10-20', 'aktif'),
	(19, 'Vanya Aurora', '081999999999', 'vanya@resto.com', 'Jalan Kamboja No. 9, Palembang', '1993-11-12', 'perempuan', 'manager', '2023-04-05', 'aktif'),
	(20, 'Nara Aulia', '082000000001', 'nara@resto.com', 'Jalan Apel No. 10, Makassar', '1990-07-14', 'perempuan', 'koki', '2023-05-10', 'aktif'),
	(21, 'Rena Adisty', '082000000002', 'rena@resto.com', 'Jalan Durian No. 11, Bekasi', '1992-12-22', 'perempuan', 'koki', '2023-05-15', 'aktif'),
	(22, 'Vera Anastasya', '082000000003', 'vera@resto.com', 'Jalan Melon No. 12, Depok', '1996-06-30', 'perempuan', 'bartender', '2023-06-05', 'aktif'),
	(23, 'Tania Feronika', '082000000004', 'tania@resto.com', 'Jalan Kelapa No. 13, Bogor', '1994-03-19', 'perempuan', 'koki', '2023-06-10', 'aktif'),
	(24, 'Clara Claudia', '082000000005', 'clara@resto.com', 'Jalan Semangka No. 14, Solo', '1991-05-08', 'perempuan', 'bartender', '2023-06-15', 'aktif'),
	(25, 'Nadia Rahmawati', '082000000006', 'nadia@resto.com', 'Jalan Manggis No. 15, Banjarmasin', '1993-08-21', 'perempuan', 'koki', '2023-07-01', 'aktif'),
	(26, 'Teresa Angelica', '082000000007', 'teresa@resto.com', 'Jalan Anggur No. 16, Padang', '1995-09-17', 'perempuan', 'pelayan', '2023-07-10', 'nonaktif'),
	(27, 'Keisha Putri', '082000000008', 'keisha@resto.com', 'Jalan Pepaya No. 17, Manado', '1997-12-03', 'perempuan', 'koki', '2023-07-20', 'nonaktif'),
	(28, 'Rangga Adi', '082100000001', 'rangga@resto.com', 'Jalan Mawar No. 18, Jakarta', '1990-01-01', 'laki-laki', 'pelayan', '2023-08-01', 'nonaktif'),
	(29, 'Fikri Ananda', '082100000002', 'fikri@resto.com', 'Jalan Melati No. 19, Bandung', '1989-02-02', 'laki-laki', 'bartender', '2023-08-10', 'nonaktif'),
	(30, 'Reza Mahendra', '082100000003', 'reza@resto.com', 'Jalan Flamboyan No. 20, Surabaya', '1992-03-03', 'laki-laki', 'kasir', '2023-08-15', 'nonaktif');

-- Dumping structure for table restoran_mevvah.table_pelanggan
CREATE TABLE IF NOT EXISTS `table_pelanggan` (
  `id_pelanggan` int(11) NOT NULL AUTO_INCREMENT,
  `nama_lengkap` varchar(100) NOT NULL,
  `nomor_telepon` varchar(20) NOT NULL,
  `email` varchar(100) NOT NULL,
  `alamat` varchar(255) DEFAULT NULL,
  `tanggal_daftar` date NOT NULL,
  `status_loyalitas` enum('reguler','loyal','VIP') NOT NULL,
  PRIMARY KEY (`id_pelanggan`),
  UNIQUE KEY `email` (`email`),
  UNIQUE KEY `unique_nomor_telepon` (`nomor_telepon`)
) ENGINE=InnoDB AUTO_INCREMENT=189 DEFAULT CHARSET=utf8mb4 COLLATE=utf8mb4_general_ci;

-- Dumping data for table restoran_mevvah.table_pelanggan: ~54 rows (approximately)
INSERT INTO `table_pelanggan` (`id_pelanggan`, `nama_lengkap`, `nomor_telepon`, `email`, `alamat`, `tanggal_daftar`, `status_loyalitas`) VALUES
	(135, 'Andi Wijaya', '081234567890', 'andi.wijaya@email.com', 'Jl. Raya Kebayoran No. 45, Jakarta Selatan', '2023-06-01', 'VIP'),
	(136, 'Siti Aisyah', '081234567891', 'siti.aisyah@email.com', NULL, '2023-05-12', 'loyal'),
	(137, 'Budi Santoso', '081234567892', 'budi.santoso@email.com', 'Jl. Merdeka No. 20, Bandung', '2022-12-05', 'VIP'),
	(138, 'Rina Dewi', '081234567893', 'rina.dewi@email.com', 'Jl. Sudirman No. 101, Jakarta Pusat', '2021-11-11', 'reguler'),
	(139, 'Denny Pratama', '081234567894', 'denny.pratama@email.com', 'Jl. Pantai Indah No. 12, Bali', '2023-07-20', 'loyal'),
	(140, 'Farah Kurnia', '081234567895', 'farah.kurnia@email.com', 'Jl. Merdeka No. 10, Surabaya', '2023-03-09', 'VIP'),
	(141, 'Eko Prabowo', '081234567896', 'eko.prabowo@email.com', 'Jl. Cikini No. 3, Jakarta Pusat', '2023-01-15', 'reguler'),
	(142, 'Indah Putri', '081234567897', 'indah.putri@email.com', NULL, '2023-05-25', 'loyal'),
	(143, 'Joko Sutrisno', '081234567898', 'joko.sutrisno@email.com', 'Jl. Taman Mini No. 55, Jakarta Timur', '2022-09-10', 'VIP'),
	(144, 'Maya Sari', '081234567899', 'maya.sari@email.com', 'Jl. Gajah Mada No. 50, Yogyakarta', '2021-08-23', 'loyal'),
	(145, 'Rudi Hartono', '081234567900', 'rudi.hartono@email.com', NULL, '2022-11-17', 'reguler'),
	(146, 'Anita Wulandari', '081234567901', 'anita.wulandari@email.com', 'Jl. Setiabudi No. 90, Jakarta Selatan', '2023-02-03', 'VIP'),
	(147, 'Benyamin Aditya', '081234567902', 'benyamin.aditya@email.com', 'Jl. Raya Bogor No. 15, Jakarta Timur', '2023-06-11', 'loyal'),
	(148, 'Citra Ayu', '081234567903', 'citra.ayu@email.com', 'Jl. Palmera No. 1, Surabaya', '2023-04-25', 'VIP'),
	(149, 'Damar Prasetya', '081234567904', 'damar.prasetya@email.com', 'Jl. Permai No. 25, Malang', '2021-12-13', 'reguler'),
	(150, 'Eka Kurniadi', '081234567905', 'eka.kurniadi@email.com', 'Jl. Cempaka No. 13, Jakarta Barat', '2023-08-18', 'VIP'),
	(151, 'Fikri Hakim', '081234567906', 'fikri.hakim@email.com', 'Jl. Gatot Subroto No. 77, Jakarta Selatan', '2022-10-22', 'loyal'),
	(152, 'Gita Puspita', '081234567907', 'gita.puspita@email.com', 'Jl. Jendral Sudirman No. 99, Bandung', '2023-01-30', 'VIP'),
	(153, 'Hendra Tanuwijaya', '081234567908', 'hendra.tanuwijaya@email.com', 'Jl. Raya Pasar Minggu No. 10, Jakarta Selatan', '2022-07-05', 'reguler'),
	(154, 'Ika Nuraini', '081234567909', 'ika.nuraini@email.com', 'Jl. Perintis Kemerdekaan No. 17, Makassar', '2023-05-13', 'loyal'),
	(155, 'Jason Wijayanto', '081234567910', 'jason.wijayanto@email.com', NULL, '2023-06-22', 'VIP'),
	(156, 'Karin Santika', '081234567911', 'karin.santika@email.com', 'Jl. H. Agus Salim No. 22, Surabaya', '2022-08-19', 'loyal'),
	(157, 'Luthfi Faizal', '081234567912', 'luthfi.faizal@email.com', 'Jl. Raya Kebon Jeruk No. 40, Jakarta Barat', '2021-09-15', 'VIP'),
	(158, 'Mira Pertiwi', '081234567913', 'mira.pertiwi@email.com', 'Jl. Cipete Raya No. 10, Jakarta Selatan', '2023-04-06', 'loyal'),
	(159, 'Nanda Pramudita', '081234567914', 'nanda.pramudita@email.com', 'Jl. Soekarno-Hatta No. 6, Semarang', '2023-07-03', 'VIP'),
	(160, 'Oka Taufik', '081234567915', 'oka.taufik@email.com', 'Jl. Riau No. 35, Palembang', '2021-06-25', 'reguler'),
	(161, 'Putri Mulyani', '081234567916', 'putri.mulyani@email.com', NULL, '2023-02-18', 'loyal'),
	(162, 'Qiana Fadilah', '081234567917', 'qiana.fadilah@email.com', 'Jl. Jati Raya No. 88, Jakarta Barat', '2022-10-30', 'VIP'),
	(163, 'Rizky Darmawan', '081234567918', 'rizky.darmawan@email.com', 'Jl. Medan Merdeka No. 42, Jakarta Pusat', '2022-05-05', 'reguler'),
	(164, 'Sasa Widya', '081234567919', 'sasa.widya@email.com', NULL, '2023-08-09', 'VIP'),
	(165, 'Toni Pramudya', '081234567920', 'toni.pramudya@email.com', 'Jl. Ciputat No. 17, Tangerang', '2021-07-30', 'loyal'),
	(166, 'Uli Rahmawati', '081234567921', 'uli.rahmawati@email.com', 'Jl. Tebet No. 8, Jakarta Selatan', '2023-06-17', 'VIP'),
	(167, 'Vera Astuti', '081234567922', 'vera.astuti@email.com', NULL, '2022-11-25', 'loyal'),
	(168, 'Wahyu Kurniawan', '081234567923', 'wahyu.kurniawan@email.com', 'Jl. Gading No. 5, Jakarta Utara', '2023-01-21', 'VIP'),
	(169, 'Xena Fitriani', '081234567924', 'xena.fitriani@email.com', 'Jl. Sultan Agung No. 90, Bandung', '2022-12-30', 'reguler'),
	(170, 'Yudi Santosa', '081234567925', 'yudi.santosa@email.com', 'Jl. Pemuda No. 6, Jakarta Timur', '2021-10-12', 'VIP'),
	(171, 'Zaki Syahreza', '081234567926', 'zaki.syahreza@email.com', 'Jl. Arjuna No. 14, Malang', '2023-04-02', 'loyal'),
	(172, 'Alya Putri', '081234567927', 'alya.putri@email.com', NULL, '2022-08-30', 'VIP'),
	(173, 'Benny Wisnu', '081234567928', 'benny.wisnu@email.com', 'Jl. Suryo No. 3, Yogyakarta', '2023-07-16', 'loyal'),
	(174, 'Cindy Lestari', '081234567929', 'cindy.lestari@email.com', 'Jl. Panglima Polim No. 22, Jakarta Selatan', '2021-11-07', 'reguler'),
	(175, 'Dewi Lesmana', '081234567930', 'dewi.lesmana@email.com', NULL, '2023-03-13', 'VIP'),
	(176, 'Faisal Ibrahim', '081234567931', 'faisal.ibrahim@email.com', 'Jl. Dago No. 45, Bandung', '2022-04-10', 'loyal'),
	(177, 'Gilang Prasetyo', '081234567932', 'gilang.prasetyo@email.com', 'Jl. Soka No. 2, Malang', '2023-08-14', 'VIP'),
	(178, 'Hani Syarif', '081234567933', 'hani.syarif@email.com', 'Jl. Bukit Duri No. 50, Jakarta Selatan', '2022-12-18', 'loyal'),
	(179, 'Intan Kusumawati', '081234567934', 'intan.kusumawati@email.com', NULL, '2021-09-25', 'VIP'),
	(180, 'Johan Suryanto', '081234567935', 'johan.suryanto@email.com', 'Jl. Raya Ciledug No. 11, Jakarta Selatan', '2023-05-06', 'reguler'),
	(181, 'Khalisa Zahrina', '081234567936', 'khalisa.zahrina@email.com', 'Jl. Laksana No. 70, Jakarta Timur', '2022-10-01', 'loyal'),
	(182, 'Lukas Kristanto', '081234567937', 'lukas.kristanto@email.com', 'Jl. Dharmawangsa No. 8, Jakarta Selatan', '2023-02-13', 'VIP'),
	(183, 'Mochammad Iqbal', '081234567938', 'mochammad.iqbal@email.com', NULL, '2021-07-07', 'loyal'),
	(184, 'Nadia Ramadhani', '081234567939', 'nadia.ramadhani@email.com', 'Jl. Mangga No. 21, Medan', '2022-06-30', 'VIP'),
	(185, 'Oscar Hadi', '081234567940', 'oscar.hadi@email.com', NULL, '2023-03-27', 'loyal'),
	(186, 'Putra Anggara', '081234567941', 'putra.anggara@email.com', 'Jl. Suryanata No. 56, Surabaya', '2023-07-05', 'VIP'),
	(187, 'Qabil Arsyad', '081234567942', 'qabil.arsyad@email.com', NULL, '2021-11-12', 'reguler'),
	(188, 'Rizal Fajri', '081234567943', 'rizal.fajri@email.com', 'Jl. Gajah No. 35, Yogyakarta', '2022-05-14', 'loyal');

-- Dumping structure for table restoran_mevvah.table_pembayaran
CREATE TABLE IF NOT EXISTS `table_pembayaran` (
  `id_pembayaran` int(11) NOT NULL AUTO_INCREMENT,
  `metode_pembayaran` enum('cash','e-money') NOT NULL,
  `platform` enum('VISA','MasterCard','ShoppePay','Gopay','Dana','OVO') DEFAULT NULL,
  `waktu_pembayaran` datetime NOT NULL,
  `id_pesanan` int(11) NOT NULL,
  `status_pembayaran` enum('pending','success','failed') NOT NULL,
  PRIMARY KEY (`id_pembayaran`),
  KEY `fk_pembayaran_pesanan` (`id_pesanan`),
  CONSTRAINT `fk_pembayaran_pesanan` FOREIGN KEY (`id_pesanan`) REFERENCES `table_pesanan` (`id_pesanan`) ON DELETE CASCADE ON UPDATE CASCADE
) ENGINE=InnoDB AUTO_INCREMENT=61 DEFAULT CHARSET=utf8mb4 COLLATE=utf8mb4_general_ci;

-- Dumping data for table restoran_mevvah.table_pembayaran: ~60 rows (approximately)
INSERT INTO `table_pembayaran` (`id_pembayaran`, `metode_pembayaran`, `platform`, `waktu_pembayaran`, `id_pesanan`, `status_pembayaran`) VALUES
	(1, 'e-money', 'Gopay', '2023-07-05 18:45:00', 1001, 'success'),
	(2, 'cash', NULL, '2023-07-06 12:25:00', 1002, 'success'),
	(3, 'e-money', 'OVO', '2023-07-07 15:00:00', 1003, 'pending'),
	(4, 'e-money', 'Dana', '2023-07-08 11:10:00', 1004, 'failed'),
	(5, 'cash', NULL, '2023-07-10 19:15:00', 1005, 'success'),
	(6, 'e-money', 'ShoppePay', '2023-07-12 13:40:00', 1006, 'pending'),
	(7, 'cash', NULL, '2023-07-15 15:15:00', 1007, 'success'),
	(8, 'e-money', 'Gopay', '2023-07-17 19:00:00', 1008, 'success'),
	(9, 'e-money', 'OVO', '2023-07-18 20:15:00', 1009, 'success'),
	(10, 'cash', NULL, '2023-07-20 17:25:00', 1010, 'success'),
	(11, 'cash', NULL, '2023-07-22 14:35:00', 1011, 'success'),
	(12, 'e-money', 'Dana', '2023-07-25 14:00:00', 1012, 'pending'),
	(13, 'e-money', 'OVO', '2023-07-27 19:45:00', 1013, 'pending'),
	(14, 'e-money', 'Gopay', '2023-07-29 21:10:00', 1014, 'failed'),
	(15, 'cash', NULL, '2023-08-01 16:45:00', 1015, 'success'),
	(16, 'e-money', 'ShoppePay', '2023-08-03 13:10:00', 1016, 'success'),
	(17, 'cash', NULL, '2023-08-04 19:30:00', 1017, 'success'),
	(18, 'e-money', 'OVO', '2023-08-06 18:10:00', 1018, 'pending'),
	(19, 'cash', NULL, '2023-08-08 15:00:00', 1019, 'success'),
	(20, 'e-money', 'Dana', '2023-08-10 12:20:00', 1020, 'pending'),
	(21, 'e-money', 'Gopay', '2023-08-12 20:10:00', 1021, 'success'),
	(22, 'cash', NULL, '2023-08-14 11:55:00', 1022, 'failed'),
	(23, 'e-money', 'ShoppePay', '2023-08-16 18:45:00', 1023, 'success'),
	(24, 'cash', NULL, '2023-08-18 13:35:00', 1024, 'pending'),
	(25, 'e-money', 'OVO', '2023-08-20 14:45:00', 1025, 'success'),
	(26, 'cash', NULL, '2023-08-22 20:00:00', 1026, 'pending'),
	(27, 'cash', NULL, '2023-08-25 12:15:00', 1027, 'success'),
	(28, 'e-money', 'Gopay', '2023-08-27 16:00:00', 1028, 'pending'),
	(29, 'e-money', 'ShoppePay', '2023-08-29 13:30:00', 1029, 'success'),
	(30, 'cash', NULL, '2023-09-01 17:55:00', 1030, 'failed'),
	(31, 'e-money', 'OVO', '2023-09-03 14:15:00', 1031, 'success'),
	(32, 'cash', NULL, '2023-09-05 13:50:00', 1032, 'pending'),
	(33, 'e-money', 'Dana', '2023-09-07 12:20:00', 1033, 'success'),
	(34, 'e-money', 'Gopay', '2023-09-09 20:45:00', 1034, 'pending'),
	(35, 'cash', NULL, '2023-09-11 14:35:00', 1035, 'success'),
	(36, 'e-money', 'ShoppePay', '2023-09-13 15:25:00', 1036, 'success'),
	(37, 'e-money', 'OVO', '2023-09-15 18:45:00', 1037, 'pending'),
	(38, 'cash', NULL, '2023-09-17 11:55:00', 1038, 'success'),
	(39, 'e-money', 'Dana', '2023-09-19 15:10:00', 1039, 'success'),
	(40, 'e-money', 'Gopay', '2023-09-21 13:20:00', 1040, 'failed'),
	(41, 'cash', NULL, '2023-09-23 19:35:00', 1041, 'success'),
	(42, 'e-money', 'OVO', '2023-09-25 20:15:00', 1042, 'pending'),
	(43, 'cash', NULL, '2023-09-27 15:30:00', 1043, 'pending'),
	(44, 'e-money', 'ShoppePay', '2023-09-29 16:55:00', 1044, 'success'),
	(45, 'e-money', 'Dana', '2023-10-01 12:35:00', 1045, 'success'),
	(46, 'e-money', 'OVO', '2023-10-03 17:10:00', 1046, 'pending'),
	(47, 'cash', NULL, '2023-10-05 18:20:00', 1047, 'success'),
	(48, 'e-money', 'Gopay', '2023-10-07 19:10:00', 1048, 'pending'),
	(49, 'cash', NULL, '2023-10-09 13:45:00', 1049, 'success'),
	(50, 'e-money', 'ShoppePay', '2023-10-11 15:55:00', 1050, 'pending'),
	(51, 'e-money', 'Dana', '2023-10-13 20:45:00', 1051, 'success'),
	(52, 'cash', NULL, '2023-10-15 14:35:00', 1052, 'success'),
	(53, 'e-money', 'OVO', '2023-10-17 12:00:00', 1053, 'failed'),
	(54, 'cash', NULL, '2023-10-19 13:55:00', 1054, 'success'),
	(55, 'e-money', 'Gopay', '2023-10-21 19:25:00', 1055, 'pending'),
	(56, 'cash', NULL, '2023-10-23 12:50:00', 1056, 'success'),
	(57, 'e-money', 'ShoppePay', '2023-10-25 14:35:00', 1057, 'success'),
	(58, 'e-money', 'OVO', '2023-10-27 16:15:00', 1058, 'pending'),
	(59, 'cash', NULL, '2023-10-29 17:45:00', 1059, 'success'),
	(60, 'e-money', 'Dana', '2023-11-01 20:15:00', 1060, 'pending');

-- Dumping structure for table restoran_mevvah.table_pesanan
CREATE TABLE IF NOT EXISTS `table_pesanan` (
  `id_pesanan` int(11) NOT NULL,
  `id_pelanggan` int(11) NOT NULL,
  `waktu_pesanan` datetime NOT NULL,
  `total_harga` decimal(10,2) NOT NULL,
  `status_pesanan` enum('menunggu','diproses','selesai','dibatalkan') NOT NULL,
  `tipe_pesanan` enum('dine_in','takeaway') NOT NULL,
  `id_diskon` int(11) DEFAULT NULL,
  PRIMARY KEY (`id_pesanan`),
  KEY `id_pelanggan` (`id_pelanggan`),
  KEY `id_diskon` (`id_diskon`),
  CONSTRAINT `table_pesanan_ibfk_1` FOREIGN KEY (`id_pelanggan`) REFERENCES `table_pelanggan` (`id_pelanggan`),
  CONSTRAINT `table_pesanan_ibfk_2` FOREIGN KEY (`id_diskon`) REFERENCES `table_diskon` (`id_diskon`)
) ENGINE=InnoDB DEFAULT CHARSET=utf8mb4 COLLATE=utf8mb4_general_ci;

-- Dumping data for table restoran_mevvah.table_pesanan: ~60 rows (approximately)
INSERT INTO `table_pesanan` (`id_pesanan`, `id_pelanggan`, `waktu_pesanan`, `total_harga`, `status_pesanan`, `tipe_pesanan`, `id_diskon`) VALUES
	(1001, 135, '2023-07-05 18:30:00', 250000.00, 'selesai', 'dine_in', 1),
	(1002, 136, '2023-07-06 12:15:00', 180000.00, 'selesai', 'takeaway', NULL),
	(1003, 137, '2023-07-07 14:45:00', 320000.00, 'diproses', 'dine_in', 3),
	(1004, 138, '2023-07-08 11:00:00', 50000.00, 'dibatalkan', 'takeaway', NULL),
	(1005, 139, '2023-07-10 19:00:00', 120000.00, 'selesai', 'dine_in', 4),
	(1006, 140, '2023-07-12 13:30:00', 210000.00, 'menunggu', 'takeaway', 2),
	(1007, 141, '2023-07-15 15:00:00', 270000.00, 'selesai', 'dine_in', NULL),
	(1008, 142, '2023-07-17 18:45:00', 95000.00, 'diproses', 'dine_in', NULL),
	(1009, 143, '2023-07-18 20:00:00', 185000.00, 'selesai', 'dine_in', 5),
	(1010, 144, '2023-07-20 17:15:00', 300000.00, 'selesai', 'takeaway', 8),
	(1011, 145, '2023-07-22 14:20:00', 165000.00, 'selesai', 'dine_in', NULL),
	(1012, 146, '2023-07-25 13:45:00', 260000.00, 'menunggu', 'takeaway', 9),
	(1013, 147, '2023-07-27 19:30:00', 330000.00, 'diproses', 'dine_in', 12),
	(1014, 148, '2023-07-29 21:00:00', 120000.00, 'dibatalkan', 'takeaway', NULL),
	(1015, 149, '2023-08-01 16:30:00', 90000.00, 'selesai', 'dine_in', NULL),
	(1016, 150, '2023-08-03 13:00:00', 275000.00, 'selesai', 'dine_in', 6),
	(1017, 151, '2023-08-04 19:20:00', 350000.00, 'selesai', 'dine_in', NULL),
	(1018, 152, '2023-08-06 18:00:00', 295000.00, 'diproses', 'takeaway', 11),
	(1019, 153, '2023-08-08 14:50:00', 105000.00, 'selesai', 'dine_in', NULL),
	(1020, 154, '2023-08-10 12:10:00', 210000.00, 'menunggu', 'dine_in', NULL),
	(1021, 155, '2023-08-12 20:00:00', 225000.00, 'selesai', 'takeaway', 13),
	(1022, 156, '2023-08-14 11:45:00', 140000.00, 'dibatalkan', 'dine_in', NULL),
	(1023, 157, '2023-08-16 18:30:00', 180000.00, 'selesai', 'dine_in', 7),
	(1024, 158, '2023-08-18 13:25:00', 110000.00, 'menunggu', 'takeaway', NULL),
	(1025, 159, '2023-08-20 14:35:00', 235000.00, 'selesai', 'dine_in', 15),
	(1026, 160, '2023-08-22 19:50:00', 260000.00, 'diproses', 'dine_in', NULL),
	(1027, 161, '2023-08-25 12:00:00', 97000.00, 'selesai', 'takeaway', NULL),
	(1028, 162, '2023-08-27 15:45:00', 175000.00, 'diproses', 'dine_in', 10),
	(1029, 163, '2023-08-29 13:15:00', 200000.00, 'selesai', 'dine_in', 14),
	(1030, 164, '2023-09-01 17:40:00', 155000.00, 'dibatalkan', 'takeaway', NULL),
	(1031, 165, '2023-09-03 14:00:00', 195000.00, 'selesai', 'dine_in', 16),
	(1032, 166, '2023-09-05 13:35:00', 240000.00, 'diproses', 'dine_in', NULL),
	(1033, 167, '2023-09-07 12:10:00', 280000.00, 'selesai', 'takeaway', NULL),
	(1034, 168, '2023-09-09 20:30:00', 150000.00, 'menunggu', 'dine_in', 17),
	(1035, 169, '2023-09-11 14:20:00', 195000.00, 'selesai', 'dine_in', NULL),
	(1036, 170, '2023-09-13 15:10:00', 275000.00, 'selesai', 'dine_in', 18),
	(1037, 171, '2023-09-15 18:30:00', 125000.00, 'diproses', 'takeaway', NULL),
	(1038, 172, '2023-09-17 11:45:00', 115000.00, 'selesai', 'dine_in', NULL),
	(1039, 173, '2023-09-19 14:55:00', 220000.00, 'selesai', 'dine_in', 20),
	(1040, 174, '2023-09-21 13:05:00', 190000.00, 'dibatalkan', 'takeaway', NULL),
	(1041, 175, '2023-09-23 19:20:00', 310000.00, 'selesai', 'dine_in', 19),
	(1042, 176, '2023-09-25 20:00:00', 85000.00, 'menunggu', 'dine_in', NULL),
	(1043, 177, '2023-09-27 15:15:00', 205000.00, 'diproses', 'takeaway', 22),
	(1044, 178, '2023-09-29 16:40:00', 99000.00, 'selesai', 'dine_in', NULL),
	(1045, 179, '2023-10-01 12:20:00', 285000.00, 'selesai', 'dine_in', 23),
	(1046, 180, '2023-10-03 17:00:00', 150000.00, 'diproses', 'takeaway', NULL),
	(1047, 181, '2023-10-05 18:10:00', 270000.00, 'selesai', 'dine_in', 25),
	(1048, 182, '2023-10-07 19:00:00', 145000.00, 'menunggu', 'takeaway', NULL),
	(1049, 183, '2023-10-09 13:30:00', 220000.00, 'selesai', 'dine_in', NULL),
	(1050, 184, '2023-10-11 15:40:00', 310000.00, 'diproses', 'dine_in', 27),
	(1051, 185, '2023-10-13 20:30:00', 175000.00, 'selesai', 'dine_in', 28),
	(1052, 186, '2023-10-15 14:25:00', 260000.00, 'selesai', 'takeaway', NULL),
	(1053, 187, '2023-10-17 11:50:00', 190000.00, 'dibatalkan', 'dine_in', NULL),
	(1054, 188, '2023-10-19 13:45:00', 98000.00, 'selesai', 'takeaway', NULL),
	(1055, 135, '2023-10-21 19:10:00', 310000.00, 'diproses', 'dine_in', 30),
	(1056, 136, '2023-10-23 12:35:00', 89000.00, 'selesai', 'takeaway', NULL),
	(1057, 137, '2023-10-25 14:20:00', 195000.00, 'selesai', 'dine_in', 24),
	(1058, 138, '2023-10-27 16:00:00', 220000.00, 'diproses', 'dine_in', NULL),
	(1059, 139, '2023-10-29 17:30:00', 99000.00, 'selesai', 'takeaway', NULL),
	(1060, 140, '2023-11-01 20:00:00', 165000.00, 'menunggu', 'dine_in', 26);

-- Dumping structure for table restoran_mevvah.table_resep
CREATE TABLE IF NOT EXISTS `table_resep` (
  `id_menu` int(11) NOT NULL,
  `id_bahan` int(11) NOT NULL,
  `jumlah_digunakan` decimal(10,2) NOT NULL,
  PRIMARY KEY (`id_menu`,`id_bahan`),
  KEY `id_bahan` (`id_bahan`),
  CONSTRAINT `table_resep_ibfk_1` FOREIGN KEY (`id_menu`) REFERENCES `table_menu` (`id_menu`),
  CONSTRAINT `table_resep_ibfk_2` FOREIGN KEY (`id_bahan`) REFERENCES `table_bahan_baku` (`id_bahan`)
) ENGINE=InnoDB DEFAULT CHARSET=utf8mb4 COLLATE=utf8mb4_general_ci;

-- Dumping data for table restoran_mevvah.table_resep: ~60 rows (approximately)
INSERT INTO `table_resep` (`id_menu`, `id_bahan`, `jumlah_digunakan`) VALUES
	(1, 31, 0.30),
	(1, 34, 0.05),
	(2, 36, 0.25),
	(2, 52, 0.10),
	(3, 55, 0.15),
	(3, 64, 0.10),
	(4, 54, 0.20),
	(4, 61, 0.05),
	(5, 57, 0.01),
	(5, 64, 0.05),
	(6, 46, 0.20),
	(6, 52, 0.05),
	(7, 35, 0.10),
	(7, 53, 0.25),
	(8, 40, 0.05),
	(8, 66, 0.02),
	(9, 43, 0.15),
	(9, 67, 0.02),
	(10, 34, 0.10),
	(10, 38, 0.10),
	(11, 45, 0.30),
	(11, 64, 0.05),
	(12, 46, 0.02),
	(12, 57, 0.01),
	(13, 46, 0.05),
	(13, 79, 1.00),
	(14, 45, 0.20),
	(14, 49, 0.05),
	(15, 50, 0.05),
	(15, 65, 0.30),
	(16, 35, 0.10),
	(16, 55, 0.20),
	(17, 64, 0.10),
	(17, 70, 0.02),
	(18, 50, 0.10),
	(18, 64, 0.15),
	(19, 58, 0.03),
	(19, 67, 0.02),
	(20, 55, 0.05),
	(20, 62, 0.30),
	(21, 40, 0.03),
	(21, 44, 0.25),
	(22, 44, 0.20),
	(22, 67, 0.02),
	(23, 38, 0.20),
	(23, 61, 0.05),
	(24, 43, 0.05),
	(24, 75, 0.10),
	(25, 31, 0.20),
	(25, 78, 0.50),
	(26, 31, 0.40),
	(26, 54, 0.10),
	(27, 55, 0.05),
	(27, 64, 0.10),
	(28, 35, 0.05),
	(28, 71, 0.10),
	(29, 55, 0.05),
	(29, 71, 0.25),
	(30, 35, 0.20),
	(30, 43, 0.10);

-- Dumping structure for table restoran_mevvah.table_reservasi
CREATE TABLE IF NOT EXISTS `table_reservasi` (
  `id_reservasi` int(11) NOT NULL AUTO_INCREMENT,
  `id_pelanggan` int(11) NOT NULL,
  `id_meja` int(11) NOT NULL,
  `waktu_reservasi` datetime NOT NULL,
  `status_reservasi` enum('pending','confirmed','cancelled','completed') NOT NULL,
  `jumlah_tamu` int(2) NOT NULL,
  `id_pegawai` int(11) NOT NULL,
  PRIMARY KEY (`id_reservasi`),
  KEY `id_pelanggan` (`id_pelanggan`),
  KEY `id_meja` (`id_meja`),
  KEY `fk_reservasi_pegawai` (`id_pegawai`),
  CONSTRAINT `fk_reservasi_pegawai` FOREIGN KEY (`id_pegawai`) REFERENCES `table_pegawai` (`id_pegawai`),
  CONSTRAINT `table_reservasi_ibfk_1` FOREIGN KEY (`id_pelanggan`) REFERENCES `table_pelanggan` (`id_pelanggan`),
  CONSTRAINT `table_reservasi_ibfk_2` FOREIGN KEY (`id_meja`) REFERENCES `table_meja` (`id_meja`),
  CONSTRAINT `chk_jumlah_tamu` CHECK (`jumlah_tamu` <= 99)
) ENGINE=InnoDB AUTO_INCREMENT=61 DEFAULT CHARSET=utf8mb4 COLLATE=utf8mb4_general_ci;

-- Dumping data for table restoran_mevvah.table_reservasi: ~60 rows (approximately)
INSERT INTO `table_reservasi` (`id_reservasi`, `id_pelanggan`, `id_meja`, `waktu_reservasi`, `status_reservasi`, `jumlah_tamu`, `id_pegawai`) VALUES
	(1, 135, 1, '2023-08-01 19:00:00', 'confirmed', 4, 1),
	(2, 136, 2, '2023-08-02 12:30:00', 'pending', 2, 2),
	(3, 137, 3, '2023-08-03 18:45:00', 'completed', 6, 3),
	(4, 138, 4, '2023-08-04 20:15:00', 'cancelled', 3, 4),
	(5, 139, 5, '2023-08-05 14:00:00', 'confirmed', 5, 5),
	(6, 140, 6, '2023-08-06 16:30:00', 'pending', 2, 6),
	(7, 141, 7, '2023-08-07 19:45:00', 'completed', 4, 7),
	(8, 142, 8, '2023-08-08 13:15:00', 'confirmed', 3, 8),
	(9, 143, 9, '2023-08-09 17:30:00', 'cancelled', 2, 9),
	(10, 144, 10, '2023-08-10 20:00:00', 'completed', 5, 10),
	(11, 145, 11, '2023-08-11 18:15:00', 'pending', 4, 1),
	(12, 146, 12, '2023-08-12 14:45:00', 'confirmed', 6, 2),
	(13, 147, 13, '2023-08-13 16:00:00', 'completed', 3, 3),
	(14, 148, 14, '2023-08-14 19:30:00', 'cancelled', 2, 4),
	(15, 149, 15, '2023-08-15 12:00:00', 'confirmed', 5, 5),
	(16, 150, 16, '2023-08-16 20:45:00', 'pending', 4, 6),
	(17, 151, 17, '2023-08-17 18:30:00', 'completed', 2, 7),
	(18, 152, 18, '2023-08-18 14:15:00', 'confirmed', 6, 8),
	(19, 153, 19, '2023-08-19 16:45:00', 'cancelled', 3, 9),
	(20, 154, 20, '2023-08-20 19:00:00', 'completed', 4, 10),
	(21, 155, 21, '2023-08-21 12:30:00', 'pending', 5, 1),
	(22, 156, 22, '2023-08-22 18:45:00', 'confirmed', 2, 2),
	(23, 157, 23, '2023-08-23 20:15:00', 'completed', 6, 3),
	(24, 158, 24, '2023-08-24 14:00:00', 'cancelled', 3, 4),
	(25, 159, 25, '2023-08-25 16:30:00', 'confirmed', 4, 5),
	(26, 160, 26, '2023-08-26 19:45:00', 'pending', 2, 6),
	(27, 161, 27, '2023-08-27 13:15:00', 'completed', 5, 7),
	(28, 162, 28, '2023-08-28 17:30:00', 'confirmed', 4, 8),
	(29, 163, 29, '2023-08-29 20:00:00', 'cancelled', 2, 9),
	(30, 164, 30, '2023-08-30 18:15:00', 'completed', 6, 10),
	(31, 165, 1, '2023-09-01 19:00:00', 'pending', 3, 1),
	(32, 166, 2, '2023-09-02 12:30:00', 'confirmed', 5, 2),
	(33, 167, 3, '2023-09-03 18:45:00', 'completed', 4, 3),
	(34, 168, 4, '2023-09-04 20:15:00', 'cancelled', 2, 4),
	(35, 169, 5, '2023-09-05 14:00:00', 'confirmed', 6, 5),
	(36, 170, 6, '2023-09-06 16:30:00', 'pending', 3, 6),
	(37, 171, 7, '2023-09-07 19:45:00', 'completed', 5, 7),
	(38, 172, 8, '2023-09-08 13:15:00', 'confirmed', 4, 8),
	(39, 173, 9, '2023-09-09 17:30:00', 'cancelled', 2, 9),
	(40, 174, 10, '2023-09-10 20:00:00', 'completed', 6, 10),
	(41, 175, 11, '2023-09-11 18:15:00', 'pending', 3, 1),
	(42, 176, 12, '2023-09-12 14:45:00', 'confirmed', 5, 2),
	(43, 177, 13, '2023-09-13 16:00:00', 'completed', 4, 3),
	(44, 178, 14, '2023-09-14 19:30:00', 'cancelled', 2, 4),
	(45, 179, 15, '2023-09-15 12:00:00', 'confirmed', 6, 5),
	(46, 180, 16, '2023-09-16 20:45:00', 'pending', 3, 6),
	(47, 181, 17, '2023-09-17 18:30:00', 'completed', 5, 7),
	(48, 182, 18, '2023-09-18 14:15:00', 'confirmed', 4, 8),
	(49, 183, 19, '2023-09-19 16:45:00', 'cancelled', 2, 9),
	(50, 184, 20, '2023-09-20 19:00:00', 'completed', 6, 10),
	(51, 185, 21, '2023-09-21 12:30:00', 'pending', 4, 1),
	(52, 186, 22, '2023-09-22 18:45:00', 'confirmed', 2, 2),
	(53, 187, 23, '2023-09-23 20:15:00', 'completed', 6, 3),
	(54, 188, 24, '2023-09-24 14:00:00', 'cancelled', 3, 4),
	(55, 135, 25, '2023-09-25 16:30:00', 'confirmed', 5, 5),
	(56, 136, 26, '2023-09-26 19:45:00', 'pending', 4, 6),
	(57, 137, 27, '2023-09-27 13:15:00', 'completed', 2, 7),
	(58, 138, 28, '2023-09-28 17:30:00', 'confirmed', 6, 8),
	(59, 139, 29, '2023-09-29 20:00:00', 'cancelled', 3, 9),
	(60, 140, 30, '2023-09-30 18:15:00', 'completed', 4, 10);

-- Dumping structure for table restoran_mevvah.table_supplier
CREATE TABLE IF NOT EXISTS `table_supplier` (
  `id_supplier` int(11) NOT NULL AUTO_INCREMENT,
  `nama_supplier` varchar(100) NOT NULL,
  `alamat_supplier` varchar(255) NOT NULL,
  `nomor_telepon` varchar(20) NOT NULL,
  `email` varchar(100) NOT NULL,
  PRIMARY KEY (`id_supplier`),
  UNIQUE KEY `email` (`email`),
  UNIQUE KEY `nomor_telepon` (`nomor_telepon`)
) ENGINE=InnoDB AUTO_INCREMENT=51 DEFAULT CHARSET=utf8mb4 COLLATE=utf8mb4_general_ci;

-- Dumping data for table restoran_mevvah.table_supplier: ~20 rows (approximately)
INSERT INTO `table_supplier` (`id_supplier`, `nama_supplier`, `alamat_supplier`, `nomor_telepon`, `email`) VALUES
	(31, 'PT. Sumber Sukses Abadi', 'Jl. Mega Kencana No. 15, Jakarta Selatan', '081234567890', 'sumber.sukses@email.com'),
	(32, 'CV. Indah Lestari', 'Jl. Raya Pahlawan No. 30, Surabaya', '081234567891', 'indah.lestari@email.com'),
	(33, 'PT. Global Makmur Sejahtera', 'Jl. Harmoni No. 12, Bandung', '081234567892', 'global.makmur@email.com'),
	(34, 'CV. Jaya Abadi', 'Jl. Cendrawasih No. 88, Medan', '081234567893', 'jaya.abadi@email.com'),
	(35, 'PT. Diamond Global Enterprises', 'Jl. Sultan Agung No. 45, Jakarta Timur', '081234567894', 'diamond.global@email.com'),
	(36, 'PT. Sinergi Karya Mandiri', 'Jl. Bintaro No. 20, Tangerang', '081234567895', 'sinergi.karya@email.com'),
	(37, 'PT. Sinar Jaya Abadi', 'Jl. Merdeka No. 50, Yogyakarta', '081234567896', 'sinar.jaya@email.com'),
	(38, 'CV. Tri Karya Sejahtera', 'Jl. Raya Kebayoran Lama No. 33, Jakarta Barat', '081234567897', 'tri.karya@email.com'),
	(39, 'PT. Fortuna Prima Indonesia', 'Jl. Cikini Raya No. 10, Jakarta Pusat', '081234567898', 'fortuna.prima@email.com'),
	(40, 'CV. Cahaya Sejahtera', 'Jl. Proklamasi No. 22, Bandung', '081234567899', 'cahaya.sejahtera@email.com'),
	(41, 'PT. Mandiri Nusantara', 'Jl. Taman Sari No. 5, Jakarta Barat', '081234567900', 'mandiri.nusantara@email.com'),
	(42, 'CV. Anugerah Sukses', 'Jl. Jendral Sudirman No. 18, Makassar', '081234567901', 'anugerah.sukses@email.com'),
	(43, 'PT. Sejahtera Abadi', 'Jl. Pahlawan No. 60, Medan', '081234567902', 'sejahtera.abadi@email.com'),
	(44, 'CV. Mitra Sejahtera', 'Jl. Gajah Mada No. 100, Jakarta Pusat', '081234567903', 'mitra.sejahtera@email.com'),
	(45, 'PT. Sukses Mandiri Global', 'Jl. Kebon Sirih No. 5, Jakarta Pusat', '081234567904', 'sukses.mandiri@email.com'),
	(46, 'CV. Sumber Rezeki Abadi', 'Jl. Taman Mini No. 77, Jakarta Timur', '081234567905', 'sumber.rezeki@email.com'),
	(47, 'PT. Alamsyah Abadi', 'Jl. Raya Gading No. 12, Surabaya', '081234567906', 'alamsyah.abadi@email.com'),
	(48, 'PT. Visionary Business Solutions', 'Jl. Raya Cikini No. 2, Jakarta Selatan', '081234567907', 'visionary.business@email.com'),
	(49, 'CV. Maju Jaya Lestari', 'Jl. Raya Pasar Minggu No. 10, Jakarta Selatan', '081234567908', 'maju.jaya@email.com'),
	(50, 'PT. Gold Star Enterprises', 'Jl. Setiabudi No. 22, Jakarta Selatan', '081234567909', 'gold.star@email.com');

/*!40103 SET TIME_ZONE=IFNULL(@OLD_TIME_ZONE, 'system') */;
/*!40101 SET SQL_MODE=IFNULL(@OLD_SQL_MODE, '') */;
/*!40014 SET FOREIGN_KEY_CHECKS=IFNULL(@OLD_FOREIGN_KEY_CHECKS, 1) */;
/*!40101 SET CHARACTER_SET_CLIENT=@OLD_CHARACTER_SET_CLIENT */;
/*!40111 SET SQL_NOTES=IFNULL(@OLD_SQL_NOTES, 1) */;
